Hotel Burnham- a Kimpton Hotel,hotel-burnham-a-kimpton-hotel-chicago,http://www.yelp.com/biz/hotel-burnham-a-kimpton-hotel-chicago,78
ACME Hotel Company,acme-hotel-company-chicago,http://www.yelp.com/biz/acme-hotel-company-chicago,65
Radisson Blu Aqua,radisson-blu-aqua-chicago,http://www.yelp.com/biz/radisson-blu-aqua-chicago,111
The Talbott Hotel,the-talbott-hotel-chicago,http://www.yelp.com/biz/the-talbott-hotel-chicago,61
Kinzie Hotel,kinzie-hotel-chicago,http://www.yelp.com/biz/kinzie-hotel-chicago,15
Hotel Lincoln,hotel-lincoln-chicago,http://www.yelp.com/biz/hotel-lincoln-chicago,92
Courtyard Chicago Downtown/Magnificent Mile,courtyard-chicago-downtown-magnificent-mile-chicago,http://www.yelp.com/biz/courtyard-chicago-downtown-magnificent-mile-chicago,68
theWit Hotel,thewit-hotel-chicago-2,http://www.yelp.com/biz/thewit-hotel-chicago-2,204
Hampton Inn Majestic Chicago Theatre District Hotel,hampton-inn-majestic-chicago-theatre-district-hotel-chicago,http://www.yelp.com/biz/hampton-inn-majestic-chicago-theatre-district-hotel-chicago,27
Residence Inn Chicago Downtown/River North,residence-inn-chicago-downtown-river-north-chicago,http://www.yelp.com/biz/residence-inn-chicago-downtown-river-north-chicago,49
Waldorf Astoria Chicago,waldorf-astoria-chicago-chicago-2,http://www.yelp.com/biz/waldorf-astoria-chicago-chicago-2,65
Hyatt Place Chicago/River North,hyatt-place-chicago-river-north-chicago-2,http://www.yelp.com/biz/hyatt-place-chicago-river-north-chicago-2,22
Renaissance Blackstone Chicago Hotel,renaissance-blackstone-chicago-hotel-chicago,http://www.yelp.com/biz/renaissance-blackstone-chicago-hotel-chicago,145
La Quinta Inn & Suites Chicago Downtown,la-quinta-inn-and-suites-chicago-downtown-chicago,http://www.yelp.com/biz/la-quinta-inn-and-suites-chicago-downtown-chicago,62
Sofitel Chicago Water Tower,sofitel-chicago-water-tower-chicago,http://www.yelp.com/biz/sofitel-chicago-water-tower-chicago,196
Embassy Suites Chicago Downtown Lakefront,embassy-suites-chicago-downtown-lakefront-chicago,http://www.yelp.com/biz/embassy-suites-chicago-downtown-lakefront-chicago,96
Allegro Chicago- A Kimpton Hotel,allegro-chicago-a-kimpton-hotel-chicago,http://www.yelp.com/biz/allegro-chicago-a-kimpton-hotel-chicago,227
Hilton Garden Inn Chicago Downtown/Magnificent Mile,hilton-garden-inn-chicago-downtown-magnificent-mile-chicago-2,http://www.yelp.com/biz/hilton-garden-inn-chicago-downtown-magnificent-mile-chicago-2,57
Dana Hotel & Spa,dana-hotel-and-spa-chicago,http://www.yelp.com/biz/dana-hotel-and-spa-chicago,225
Renaissance Chicago Downtown Hotel,renaissance-chicago-downtown-hotel-chicago,http://www.yelp.com/biz/renaissance-chicago-downtown-hotel-chicago,115
Hyatt Regency Chicago,hyatt-regency-chicago-chicago-3,http://www.yelp.com/biz/hyatt-regency-chicago-chicago-3,417
Holiday Inn Chicago Mart Plaza,holiday-inn-chicago-mart-plaza-chicago-5,http://www.yelp.com/biz/holiday-inn-chicago-mart-plaza-chicago-5,139
Palmer House A Hilton Hotel,palmer-house-a-hilton-hotel-chicago,http://www.yelp.com/biz/palmer-house-a-hilton-hotel-chicago,485
Doubletree by Hilton Chicago Magnificent Mile,doubletree-by-hilton-chicago-magnificent-mile-chicago,http://www.yelp.com/biz/doubletree-by-hilton-chicago-magnificent-mile-chicago,131
The Silversmith Hotel,the-silversmith-hotel-chicago,http://www.yelp.com/biz/the-silversmith-hotel-chicago,89
The Langham Chicago,the-langham-chicago-chicago,http://www.yelp.com/biz/the-langham-chicago-chicago,49
Hilton Chicago,hilton-chicago-chicago-4,http://www.yelp.com/biz/hilton-chicago-chicago-4,273
Swissotel Chicago,swissotel-chicago-chicago,http://www.yelp.com/biz/swissotel-chicago-chicago,194
Raffaello Hotel,raffaello-hotel-chicago,http://www.yelp.com/biz/raffaello-hotel-chicago,127
Chicago Marriott Downtown Magnificent Mile,chicago-marriott-downtown-magnificent-mile-chicago-2,http://www.yelp.com/biz/chicago-marriott-downtown-magnificent-mile-chicago-2,164
Central Loop Hotel,central-loop-hotel-chicago,http://www.yelp.com/biz/central-loop-hotel-chicago,40
The IVY Boutique Hotel,the-ivy-boutique-hotel-chicago,http://www.yelp.com/biz/the-ivy-boutique-hotel-chicago,39
Chicago River Hotel,chicago-river-hotel-chicago,http://www.yelp.com/biz/chicago-river-hotel-chicago,49
Aloft Chicago City Center,aloft-chicago-city-center-chicago,http://www.yelp.com/biz/aloft-chicago-city-center-chicago,32
W Chicago - Lakeshore,w-chicago-lakeshore-chicago-2,http://www.yelp.com/biz/w-chicago-lakeshore-chicago-2,333
The Westin Chicago River North,the-westin-chicago-river-north-chicago,http://www.yelp.com/biz/the-westin-chicago-river-north-chicago,116
Hotel Palomar Chicago- a Kimpton Hotel,hotel-palomar-chicago-a-kimpton-hotel-chicago,http://www.yelp.com/biz/hotel-palomar-chicago-a-kimpton-hotel-chicago,205
InterContinental Chicago,intercontinental-chicago-chicago-2,http://www.yelp.com/biz/intercontinental-chicago-chicago-2,232
Hilton Suites Chicago Magnificent Mile,hilton-suites-chicago-magnificent-mile-chicago,http://www.yelp.com/biz/hilton-suites-chicago-magnificent-mile-chicago,59
Public Chicago,public-chicago-chicago,http://www.yelp.com/biz/public-chicago-chicago,121
Best Western Plus Hawthorne Terrace Hotel,best-western-plus-hawthorne-terrace-hotel-chicago,http://www.yelp.com/biz/best-western-plus-hawthorne-terrace-hotel-chicago,40
W Chicago - City Center,w-chicago-city-center-chicago-2,http://www.yelp.com/biz/w-chicago-city-center-chicago-2,242
Fairfield Inn & Suites Chicago Downtown/River North,fairfield-inn-and-suites-chicago-downtown-river-north-chicago,http://www.yelp.com/biz/fairfield-inn-and-suites-chicago-downtown-river-north-chicago,24
Wyndham Blake Chicago,wyndham-blake-chicago-chicago,http://www.yelp.com/biz/wyndham-blake-chicago-chicago,107
Wyndham Grand Chicago Riverfront,wyndham-grand-chicago-riverfront-chicago,http://www.yelp.com/biz/wyndham-grand-chicago-riverfront-chicago,30
Hotel Felix,hotel-felix-chicago,http://www.yelp.com/biz/hotel-felix-chicago,203
The Westin Michigan Avenue Chicago,the-westin-michigan-avenue-chicago-chicago,http://www.yelp.com/biz/the-westin-michigan-avenue-chicago-chicago,151
The Allerton Hotel,the-allerton-hotel-chicago-3,http://www.yelp.com/biz/the-allerton-hotel-chicago-3,198
JW Marriott Chicago,jw-marriott-chicago-chicago,http://www.yelp.com/biz/jw-marriott-chicago-chicago,74
Thompson Hotel Chicago,thompson-hotel-chicago-chicago,http://www.yelp.com/biz/thompson-hotel-chicago-chicago,37
Hotel Indigo Chicago Downtown Gold Coast,hotel-indigo-chicago-downtown-gold-coast-chicago-3,http://www.yelp.com/biz/hotel-indigo-chicago-downtown-gold-coast-chicago-3,70
Hyatt Regency McCormick Place,hyatt-regency-mccormick-place-chicago,http://www.yelp.com/biz/hyatt-regency-mccormick-place-chicago,151
Days Inn Chicago,days-inn-chicago-chicago,http://www.yelp.com/biz/days-inn-chicago-chicago,61
Four Seasons Hotel Chicago,four-seasons-hotel-chicago-chicago,http://www.yelp.com/biz/four-seasons-hotel-chicago-chicago,129
Millennium Knickerbocker Hotel,millennium-knickerbocker-hotel-chicago,http://www.yelp.com/biz/millennium-knickerbocker-hotel-chicago,137
The Crowne Plaza Chicago Metro,the-crowne-plaza-chicago-metro-chicago,http://www.yelp.com/biz/the-crowne-plaza-chicago-metro-chicago,70
Embassy Suites Chicago Downtown,embassy-suites-chicago-downtown-chicago,http://www.yelp.com/biz/embassy-suites-chicago-downtown-chicago,77
Majestic Hotel,majestic-hotel-chicago,http://www.yelp.com/biz/majestic-hotel-chicago,37
Sheraton Chicago Hotel & Towers,sheraton-chicago-hotel-and-towers-chicago,http://www.yelp.com/biz/sheraton-chicago-hotel-and-towers-chicago,227
Carleton Hotel,carleton-hotel-oak-park,http://www.yelp.com/biz/carleton-hotel-oak-park,45
Fairmont Chicago Millennium Park,fairmont-chicago-millennium-park-chicago-3,http://www.yelp.com/biz/fairmont-chicago-millennium-park-chicago-3,154
City Suites Hotel Chicago,city-suites-hotel-chicago-chicago,http://www.yelp.com/biz/city-suites-hotel-chicago-chicago,45
Hotel Chicago,hotel-chicago-chicago,http://www.yelp.com/biz/hotel-chicago-chicago,199
Best Western River North Hotel,best-western-river-north-hotel-chicago-2,http://www.yelp.com/biz/best-western-river-north-hotel-chicago-2,33
Avenue Crowne Plaza Chicago Magnificent Mile,avenue-crowne-plaza-chicago-magnificent-mile-chicago,http://www.yelp.com/biz/avenue-crowne-plaza-chicago-magnificent-mile-chicago,67
Seneca Hotel,seneca-hotel-chicago,http://www.yelp.com/biz/seneca-hotel-chicago,33
Essex Inn,essex-inn-chicago,http://www.yelp.com/biz/essex-inn-chicago,89
MileNorth Hotel,milenorth-hotel-chicago,http://www.yelp.com/biz/milenorth-hotel-chicago,62
Chicago Downtown,chicago-downtown-chicago-2,http://www.yelp.com/biz/chicago-downtown-chicago-2,53
The James Hotel,the-james-hotel-chicago,http://www.yelp.com/biz/the-james-hotel-chicago,259
The Whitehall Hotel,the-whitehall-hotel-chicago,http://www.yelp.com/biz/the-whitehall-hotel-chicago,83
The Peninsula Chicago,the-peninsula-chicago-chicago,http://www.yelp.com/biz/the-peninsula-chicago-chicago,167
The Drake Hotel,the-drake-hotel-chicago-2,http://www.yelp.com/biz/the-drake-hotel-chicago-2,259
Hampton Inn Chicago-Midway Airport,hampton-inn-chicago-midway-airport-bedford-park,http://www.yelp.com/biz/hampton-inn-chicago-midway-airport-bedford-park,15
Holiday Inn Express Chicago - Magnificent Mile,holiday-inn-express-chicago-magnificent-mile-chicago,http://www.yelp.com/biz/holiday-inn-express-chicago-magnificent-mile-chicago,65
SpringHill Suites Chicago Downtown/River North,springhill-suites-chicago-downtown-river-north-chicago,http://www.yelp.com/biz/springhill-suites-chicago-downtown-river-north-chicago,41
Hard Rock Hotel,hard-rock-hotel-chicago,http://www.yelp.com/biz/hard-rock-hotel-chicago,205
Comfort Suites,comfort-suites-chicago-3,http://www.yelp.com/biz/comfort-suites-chicago-3,20
Fairfield Inn & Suites Chicago Midway Airport,fairfield-inn-and-suites-chicago-midway-airport-bedford-park,http://www.yelp.com/biz/fairfield-inn-and-suites-chicago-midway-airport-bedford-park,8
Hampton Inn & Suites Chicago Downtown,hampton-inn-and-suites-chicago-downtown-chicago,http://www.yelp.com/biz/hampton-inn-and-suites-chicago-downtown-chicago,47
Homewood Suites Chicago Downtown,homewood-suites-chicago-downtown-chicago,http://www.yelp.com/biz/homewood-suites-chicago-downtown-chicago,38
Omni Chicago Hotel,omni-chicago-hotel-chicago,http://www.yelp.com/biz/omni-chicago-hotel-chicago,111
Wicker Park Inn,wicker-park-inn-chicago,http://www.yelp.com/biz/wicker-park-inn-chicago,26
Hostelling International Chicago,hostelling-international-chicago-chicago,http://www.yelp.com/biz/hostelling-international-chicago-chicago,70
Holiday Inn Chicago - Midway Airport,holiday-inn-chicago-midway-airport-chicago,http://www.yelp.com/biz/holiday-inn-chicago-midway-airport-chicago,8
Willows Hotel,willows-hotel-chicago,http://www.yelp.com/biz/willows-hotel-chicago,21
Trump International Hotel & Tower,trump-international-hotel-and-tower-chicago-2,http://www.yelp.com/biz/trump-international-hotel-and-tower-chicago-2,164
The Ritz-Carlton Chicago- A Four Seasons Hotel,the-ritz-carlton-chicago-a-four-seasons-hotel-chicago,http://www.yelp.com/biz/the-ritz-carlton-chicago-a-four-seasons-hotel-chicago,110
The Godfrey Hotel Chicago,the-godfrey-hotel-chicago-chicago,http://www.yelp.com/biz/the-godfrey-hotel-chicago-chicago,38
Chicago South Loop Hotel,chicago-south-loop-hotel-chicago,http://www.yelp.com/biz/chicago-south-loop-hotel-chicago,67
The Tremont Chicago Hotel at Magnificent Mile,the-tremont-chicago-hotel-at-magnificent-mile-chicago,http://www.yelp.com/biz/the-tremont-chicago-hotel-at-magnificent-mile-chicago,70
Hyatt Chicago Magnificent Mile,hyatt-chicago-magnificent-mile-chicago-3,http://www.yelp.com/biz/hyatt-chicago-magnificent-mile-chicago-3,15
Chicago Downtown,chicago-downtown-chicago,http://www.yelp.com/biz/chicago-downtown-chicago,35
Club Quarters,club-quarters-chicago-2,http://www.yelp.com/biz/club-quarters-chicago-2,83
Hyatt Place Chicago-South / University Medical Center,hyatt-place-chicago-south-university-medical-center-chicago,http://www.yelp.com/biz/hyatt-place-chicago-south-university-medical-center-chicago,9
Holiday Inn Hotel & Suites Chicago-Downtown,holiday-inn-hotel-and-suites-chicago-downtown-chicago,http://www.yelp.com/biz/holiday-inn-hotel-and-suites-chicago-downtown-chicago,16
Fairfield Inn & Suites Chicago Downtown/Magnificent Mile,fairfield-inn-and-suites-chicago-downtown-magnificent-mile-chicago,http://www.yelp.com/biz/fairfield-inn-and-suites-chicago-downtown-magnificent-mile-chicago,43
Best Western Grant Park,best-western-grant-park-chicago,http://www.yelp.com/biz/best-western-grant-park-chicago,32
Four Points by Sheraton Chicago Downtown/Magnificent Mile,four-points-by-sheraton-chicago-downtown-magnificent-mile-chicago-2,http://www.yelp.com/biz/four-points-by-sheraton-chicago-downtown-magnificent-mile-chicago-2,74
Chicago Marriott Midway,chicago-marriott-midway-chicago,http://www.yelp.com/biz/chicago-marriott-midway-chicago,11
Congress Plaza Hotel,congress-plaza-hotel-chicago,http://www.yelp.com/biz/congress-plaza-hotel-chicago,209
Howard Johnson Inn,howard-johnson-inn-chicago,http://www.yelp.com/biz/howard-johnson-inn-chicago,34
Chinatown Hotel,chinatown-hotel-chicago,http://www.yelp.com/biz/chinatown-hotel-chicago,10
Chicago Marriott at Medical District/UIC,chicago-marriott-at-medical-district-uic-chicago-2,http://www.yelp.com/biz/chicago-marriott-at-medical-district-uic-chicago-2,23
Conrad Hotel,conrad-hotel-chicago,http://www.yelp.com/biz/conrad-hotel-chicago,153
Park Hyatt Chicago,park-hyatt-chicago-chicago-3,http://www.yelp.com/biz/park-hyatt-chicago-chicago-3,92
Red Roof Inn,red-roof-inn-chicago,http://www.yelp.com/biz/red-roof-inn-chicago,52
Hilton Garden Inn Chicago/Midway Airport,hilton-garden-inn-chicago-midway-airport-bedford-park-2,http://www.yelp.com/biz/hilton-garden-inn-chicago-midway-airport-bedford-park-2,12
InterContinental Chicago O'Hare,intercontinental-chicago-o-hare-rosemont,http://www.yelp.com/biz/intercontinental-chicago-o-hare-rosemont,118
Club Quarters,club-quarters-chicago,http://www.yelp.com/biz/club-quarters-chicago,80
Travelodge Chicago Downtown,travelodge-chicago-downtown-chicago,http://www.yelp.com/biz/travelodge-chicago-downtown-chicago,55
Carlton Inn Midway,carlton-inn-midway-chicago,http://www.yelp.com/biz/carlton-inn-midway-chicago,17
Renaissance Chicago O'Hare Suites Hotel,renaissance-chicago-o-hare-suites-hotel-chicago-2,http://www.yelp.com/biz/renaissance-chicago-o-hare-suites-hotel-chicago-2,66
Hotel Monaco Chicago- a Kimpton Hotel,hotel-monaco-chicago-a-kimpton-hotel-chicago,http://www.yelp.com/biz/hotel-monaco-chicago-a-kimpton-hotel-chicago,171
Hilton Garden Inn,hilton-garden-inn-des-plaines,http://www.yelp.com/biz/hilton-garden-inn-des-plaines,53
Inn of Chicago- an Ascend Hotel Collection Member,inn-of-chicago-an-ascend-hotel-collection-member-chicago,http://www.yelp.com/biz/inn-of-chicago-an-ascend-hotel-collection-member-chicago,116
Hampton Inn & Suites,hampton-inn-and-suites-skokie,http://www.yelp.com/biz/hampton-inn-and-suites-skokie,21
Super 8 Chicago / Loyola University,super-8-chicago-loyola-university-chicago,http://www.yelp.com/biz/super-8-chicago-loyola-university-chicago,8
Tokyo Hotel,tokyo-hotel-chicago,http://www.yelp.com/biz/tokyo-hotel-chicago,5
The Write Inn,the-write-inn-oak-park,http://www.yelp.com/biz/the-write-inn-oak-park,21
Holiday Inn Express Hotel & Suites Chicago-Midway Airport,holiday-inn-express-hotel-and-suites-chicago-midway-airport-chicago-2,http://www.yelp.com/biz/holiday-inn-express-hotel-and-suites-chicago-midway-airport-chicago-2,7
Aloft Chicago O'Hare,aloft-chicago-o-hare-rosemont,http://www.yelp.com/biz/aloft-chicago-o-hare-rosemont,123
Doubletree Hotel,doubletree-hotel-chicago-2,http://www.yelp.com/biz/doubletree-hotel-chicago-2,7
Hilton Chicago / Oak Lawn,hilton-chicago-oak-lawn-oak-lawn,http://www.yelp.com/biz/hilton-chicago-oak-lawn-oak-lawn,36
Hilton Orrington/Evanston,hilton-orrington-evanston-evanston,http://www.yelp.com/biz/hilton-orrington-evanston-evanston,73
Hilton Garden Inn,hilton-garden-inn-evanston,http://www.yelp.com/biz/hilton-garden-inn-evanston,31
Inn At Lincoln Park,inn-at-lincoln-park-chicago,http://www.yelp.com/biz/inn-at-lincoln-park-chicago,28
Chicago Marriott O'Hare,chicago-marriott-o-hare-chicago-3,http://www.yelp.com/biz/chicago-marriott-o-hare-chicago-3,60
DoubleTree by Hilton Hotel Chicago - Alsip,doubletree-by-hilton-hotel-chicago-alsip-alsip,http://www.yelp.com/biz/doubletree-by-hilton-hotel-chicago-alsip-alsip,27
Comfort Inn Chicago,comfort-inn-chicago-chicago,http://www.yelp.com/biz/comfort-inn-chicago-chicago,19
DoubleTree By Hilton,doubletree-by-hilton-skokie,http://www.yelp.com/biz/doubletree-by-hilton-skokie,49
Inter-Continental Hotels & Resorts,inter-continental-hotels-and-resorts-chicago,http://www.yelp.com/biz/inter-continental-hotels-and-resorts-chicago,24
Best Western,best-western-burbank,http://www.yelp.com/biz/best-western-burbank,10
The Buckingham Athletic Club Hotel,the-buckingham-athletic-club-hotel-chicago,http://www.yelp.com/biz/the-buckingham-athletic-club-hotel-chicago,7
Chicago Marriott Southwest at burr Ridge,chicago-marriott-southwest-at-burr-ridge-burr-ridge-2,http://www.yelp.com/biz/chicago-marriott-southwest-at-burr-ridge-burr-ridge-2,17
Springhill Suites Chicago O'Hare,springhill-suites-chicago-o-hare-chicago,http://www.yelp.com/biz/springhill-suites-chicago-o-hare-chicago,31
Victor Hotel,victor-hotel-chicago,http://www.yelp.com/biz/victor-hotel-chicago,77
Jw Marriot,jw-marriot-chicago,http://www.yelp.com/biz/jw-marriot-chicago,5
Best Western,best-western-hillside,http://www.yelp.com/biz/best-western-hillside,7
The Hyatt Lodge at McDonald's Campus,the-hyatt-lodge-at-mcdonalds-campus-oak-brook-3,http://www.yelp.com/biz/the-hyatt-lodge-at-mcdonalds-campus-oak-brook-3,48
Holiday Inn Express Hotel & Suites Chicago Airport West-O'Hare,holiday-inn-express-hotel-and-suites-chicago-airport-west-o-hare-hillside,http://www.yelp.com/biz/holiday-inn-express-hotel-and-suites-chicago-airport-west-o-hare-hillside,6
Holiday Inn Hotel Chicago North Shore - Skokie,holiday-inn-hotel-chicago-north-shore-skokie-skokie,http://www.yelp.com/biz/holiday-inn-hotel-chicago-north-shore-skokie-skokie,43
Sheraton Chicago O'Hare Airport Hotel,sheraton-chicago-o-hare-airport-hotel-rosemont,http://www.yelp.com/biz/sheraton-chicago-o-hare-airport-hotel-rosemont,33
Doubletree O'Hare Rosemont,doubletree-o-hare-rosemont-rosemont,http://www.yelp.com/biz/doubletree-o-hare-rosemont-rosemont,40
Holiday Inn,holiday-inn-chicago,http://www.yelp.com/biz/holiday-inn-chicago,4
The Walton Residence,the-walton-residence-chicago,http://www.yelp.com/biz/the-walton-residence-chicago,3
Wheeler Mansion Hotel,wheeler-mansion-hotel-chicago,http://www.yelp.com/biz/wheeler-mansion-hotel-chicago,8
Comfort Suites O'Hare Airport,comfort-suites-o-hare-airport-schiller-park,http://www.yelp.com/biz/comfort-suites-o-hare-airport-schiller-park,16
Crowne Plaza Chicago O'Hare,crowne-plaza-chicago-o-hare-rosemont,http://www.yelp.com/biz/crowne-plaza-chicago-o-hare-rosemont,53
Oakbrook Terrace Hilton Suites,oakbrook-terrace-hilton-suites-oakbrook-terrace,http://www.yelp.com/biz/oakbrook-terrace-hilton-suites-oakbrook-terrace,17
Hampton Inn O'hare,hampton-inn-o-hare-schiller-park,http://www.yelp.com/biz/hampton-inn-o-hare-schiller-park,9
Residence Inn Chicago Midway Airport,residence-inn-chicago-midway-airport-bedford-park,http://www.yelp.com/biz/residence-inn-chicago-midway-airport-bedford-park,7
Hilton Chicago O'Hare Airport,hilton-chicago-o-hare-airport-chicago-2,http://www.yelp.com/biz/hilton-chicago-o-hare-airport-chicago-2,103
Doubletree Hotel Chicago - Oak Brook,doubletree-hotel-chicago-oak-brook-oak-brook,http://www.yelp.com/biz/doubletree-hotel-chicago-oak-brook-oak-brook,26
The Homestead Hotel,the-homestead-hotel-evanston,http://www.yelp.com/biz/the-homestead-hotel-evanston,9
Sleep Inn Midway Airport,sleep-inn-midway-airport-chicago,http://www.yelp.com/biz/sleep-inn-midway-airport-chicago,2
Holiday Inn Chicago O'Hare Area,holiday-inn-chicago-o-hare-area-chicago,http://www.yelp.com/biz/holiday-inn-chicago-o-hare-area-chicago,38
Holiday Inn Hotel Chicago-Countryside-Lagrange,holiday-inn-hotel-chicago-countryside-lagrange-countryside,http://www.yelp.com/biz/holiday-inn-hotel-chicago-countryside-lagrange-countryside,21
Rodeway Inn,rodeway-inn-lyons,http://www.yelp.com/biz/rodeway-inn-lyons,6
Embassy Suites O'Hare Rosemont,embassy-suites-o-hare-rosemont-rosemont-2,http://www.yelp.com/biz/embassy-suites-o-hare-rosemont-rosemont-2,36
Sleep Inn Midway Airport,sleep-inn-midway-airport-bedford-park,http://www.yelp.com/biz/sleep-inn-midway-airport-bedford-park,5
Embassy Suites Chicago Lombard/Oak Brook,embassy-suites-chicago-lombard-oak-brook-lombard,http://www.yelp.com/biz/embassy-suites-chicago-lombard-oak-brook-lombard,33
Ambassador,ambassador-chicago-2,http://www.yelp.com/biz/ambassador-chicago-2,2
Hilton Garden Inn Oakbrook Terrace,hilton-garden-inn-oakbrook-terrace-oakbrook-ter,http://www.yelp.com/biz/hilton-garden-inn-oakbrook-terrace-oakbrook-ter,7
Midway Inn,midway-inn-chicago,http://www.yelp.com/biz/midway-inn-chicago,10
Chicago Marriott Suites O'Hare,chicago-marriott-suites-o-hare-rosemont,http://www.yelp.com/biz/chicago-marriott-suites-o-hare-rosemont,35
Four Points by Sheraton Chicago O'Hare Airport,four-points-by-sheraton-chicago-o-hare-airport-schiller-park,http://www.yelp.com/biz/four-points-by-sheraton-chicago-o-hare-airport-schiller-park,52
Flemish House of Chicago,flemish-house-of-chicago-chicago,http://www.yelp.com/biz/flemish-house-of-chicago-chicago,3
House of Two Urns Bed and Breakfast,house-of-two-urns-bed-and-breakfast-chicago,http://www.yelp.com/biz/house-of-two-urns-bed-and-breakfast-chicago,8
Courtyard Chicago Midway Airport,courtyard-chicago-midway-airport-bedford-park,http://www.yelp.com/biz/courtyard-chicago-midway-airport-bedford-park,3
Marshall Hotel,marshall-hotel-chicago,http://www.yelp.com/biz/marshall-hotel-chicago,3
Holiday Inn Express & Suites Chicago OHare,holiday-inn-express-and-suites-chicago-ohare-rosemont,http://www.yelp.com/biz/holiday-inn-express-and-suites-chicago-ohare-rosemont,23
Heart O' Chicago Motel,heart-o-chicago-motel-chicago,http://www.yelp.com/biz/heart-o-chicago-motel-chicago,20
Hilton Rosemont Hotel/ O'Hare,hilton-rosemont-hotel-o-hare-rosemont,http://www.yelp.com/biz/hilton-rosemont-hotel-o-hare-rosemont,51
Chicago Marriott Oak Brook,chicago-marriott-oak-brook-oak-brook,http://www.yelp.com/biz/chicago-marriott-oak-brook-oak-brook,25
Hyatt Place Chicago/Lombard/ Oak Brook,hyatt-place-chicago-lombard-oak-brook-lombard,http://www.yelp.com/biz/hyatt-place-chicago-lombard-oak-brook-lombard,35
Candlewood Suites Extended Stay Hotel Chicago O'Hare,candlewood-suites-extended-stay-hotel-chicago-o-hare-schiller-park,http://www.yelp.com/biz/candlewood-suites-extended-stay-hotel-chicago-o-hare-schiller-park,16
Holiday Inn and Suites Chicago O'Hare Rosemont Hotel,holiday-inn-and-suites-chicago-o-hare-rosemont-hotel-rosemont,http://www.yelp.com/biz/holiday-inn-and-suites-chicago-o-hare-rosemont-hotel-rosemont,18
Hickory West Inn,hickory-west-inn-hickory-hills,http://www.yelp.com/biz/hickory-west-inn-hickory-hills,3
Belair Hotel,belair-hotel-chicago,http://www.yelp.com/biz/belair-hotel-chicago,3
Residence Inn by Marriott,residence-inn-by-marriott-oak-brook,http://www.yelp.com/biz/residence-inn-by-marriott-oak-brook,9
Hyatt Regency O'Hare,hyatt-regency-o-hare-rosemont,http://www.yelp.com/biz/hyatt-regency-o-hare-rosemont,169
Villa Toscana Guest House,villa-toscana-guest-house-chicago,http://www.yelp.com/biz/villa-toscana-guest-house-chicago,10
Best Western University Plaza,best-western-university-plaza-evanston,http://www.yelp.com/biz/best-western-university-plaza-evanston,23
Pink Palace Fantasy Suites,pink-palace-fantasy-suites-chicago,http://www.yelp.com/biz/pink-palace-fantasy-suites-chicago,5
Drake Bros,drake-bros-chicago,http://www.yelp.com/biz/drake-bros-chicago,31
The Westin Lombard Yorktown Center,the-westin-lombard-yorktown-center-lombard,http://www.yelp.com/biz/the-westin-lombard-yorktown-center-lombard,67
Standard Club,standard-club-chicago,http://www.yelp.com/biz/standard-club-chicago,18
Abbott Hotel,abbott-hotel-chicago,http://www.yelp.com/biz/abbott-hotel-chicago,5
Comfort Suites,comfort-suites-oakbrook-terrace,http://www.yelp.com/biz/comfort-suites-oakbrook-terrace,9
Radisson Hotel Chicago O'Hare,radisson-hotel-chicago-o-hare-des-plaines,http://www.yelp.com/biz/radisson-hotel-chicago-o-hare-des-plaines,28
Under The Ginkgo Tree B & B,under-the-ginkgo-tree-b-and-b-oak-park,http://www.yelp.com/biz/under-the-ginkgo-tree-b-and-b-oak-park,8
Clubhouse Inn of Westmont,clubhouse-inn-of-westmont-westmont,http://www.yelp.com/biz/clubhouse-inn-of-westmont-westmont,7
Quality Inn O'Hare Airport,quality-inn-o-hare-airport-schiller-park,http://www.yelp.com/biz/quality-inn-o-hare-airport-schiller-park,12
Clarion Inn Waterford Convention Center,clarion-inn-waterford-convention-center-elmhurst-2,http://www.yelp.com/biz/clarion-inn-waterford-convention-center-elmhurst-2,9
Ray's Bucktown B&B,rays-bucktown-b-and-b-chicago,http://www.yelp.com/biz/rays-bucktown-b-and-b-chicago,26
Amber Inn,amber-inn-chicago,http://www.yelp.com/biz/amber-inn-chicago,7
Baymont Inn And Suites Alsip,baymont-inn-and-suites-alsip-alsip,http://www.yelp.com/biz/baymont-inn-and-suites-alsip-alsip,9
Days Inn Bridgeview,days-inn-bridgeview-bridgeview,http://www.yelp.com/biz/days-inn-bridgeview-bridgeview,12
Marriott Springhill Suites,marriott-springhill-suites-elmhurst,http://www.yelp.com/biz/marriott-springhill-suites-elmhurst,11
Best Western,best-western-countryside,http://www.yelp.com/biz/best-western-countryside,4
New Jackson Hotel,new-jackson-hotel-chicago,http://www.yelp.com/biz/new-jackson-hotel-chicago,4
Westin Hotels of Chicago,westin-hotels-of-chicago-chicago-3,http://www.yelp.com/biz/westin-hotels-of-chicago-chicago-3,2
SpringHill Suites Chicago Southwest Burr Ridge/Hinsdale,springhill-suites-chicago-southwest-burr-ridge-hinsdale-burr-ridge,http://www.yelp.com/biz/springhill-suites-chicago-southwest-burr-ridge-hinsdale-burr-ridge,15
Milshire Hotel,milshire-hotel-chicago,http://www.yelp.com/biz/milshire-hotel-chicago,6
Residence Inn Chicago Oak Brook,residence-inn-chicago-oak-brook-oak-brook-3,http://www.yelp.com/biz/residence-inn-chicago-oak-brook-oak-brook-3,9
Courtyard Chicago O'Hare,courtyard-chicago-o-hare-des-plaines,http://www.yelp.com/biz/courtyard-chicago-o-hare-des-plaines,21
Presidential Inn,presidential-inn-lyons,http://www.yelp.com/biz/presidential-inn-lyons,2
Courtyard Midway,courtyard-midway-bedford-park-2,http://www.yelp.com/biz/courtyard-midway-bedford-park-2,7
Ohio House Motel,ohio-house-motel-chicago,http://www.yelp.com/biz/ohio-house-motel-chicago,27
Palmer House Conference Center 7,palmer-house-conference-center-7-chicago,http://www.yelp.com/biz/palmer-house-conference-center-7-chicago,3
The Ivy Room At Tree Studios,the-ivy-room-at-tree-studios-chicago,http://www.yelp.com/biz/the-ivy-room-at-tree-studios-chicago,31
Hotel Blake- an Ascend Hotel Collection Member,hotel-blake-an-ascend-hotel-collection-member-chicago,http://www.yelp.com/biz/hotel-blake-an-ascend-hotel-collection-member-chicago,3
Gateway Motel,gateway-motel-oak-lawn,http://www.yelp.com/biz/gateway-motel-oak-lawn,4
Stay Inn Lombard,stay-inn-lombard-lombard,http://www.yelp.com/biz/stay-inn-lombard-lombard,7
Best Western at O'Hare,best-western-at-o-hare-rosemont-2,http://www.yelp.com/biz/best-western-at-o-hare-rosemont-2,15
Hilton,hilton-chicago,http://www.yelp.com/biz/hilton-chicago,4
Best Western Oakbrook Inn,best-western-oakbrook-inn-westmont,http://www.yelp.com/biz/best-western-oakbrook-inn-westmont,4
At Home Inn Chicago,at-home-inn-chicago-chicago,http://www.yelp.com/biz/at-home-inn-chicago-chicago,6
Extended Stay America - Chicago - Midway,extended-stay-america-chicago-midway-bedford-park,http://www.yelp.com/biz/extended-stay-america-chicago-midway-bedford-park,4
Crowne Plaza Lombard Downers Grove,crowne-plaza-lombard-downers-grove-glen-ellyn,http://www.yelp.com/biz/crowne-plaza-lombard-downers-grove-glen-ellyn,25
Clarion Hotel Midway Airport,clarion-hotel-midway-airport-chicago,http://www.yelp.com/biz/clarion-hotel-midway-airport-chicago,7
The Park View Hotel,the-park-view-hotel-chicago,http://www.yelp.com/biz/the-park-view-hotel-chicago,2
Chicago Marriott Suites Downers Grove,chicago-marriott-suites-downers-grove-downers-grove-3,http://www.yelp.com/biz/chicago-marriott-suites-downers-grove-downers-grove-3,16
Homewood Suites by Hilton Chicago-Downtown,homewood-suites-by-hilton-chicago-downtown-chicago,http://www.yelp.com/biz/homewood-suites-by-hilton-chicago-downtown-chicago,3
Margarita European Inn- an Ascend Hotel Collection Member,margarita-european-inn-an-ascend-hotel-collection-member-evanston,http://www.yelp.com/biz/margarita-european-inn-an-ascend-hotel-collection-member-evanston,18
Chicago Lake Shore Hotel,chicago-lake-shore-hotel-chicago,http://www.yelp.com/biz/chicago-lake-shore-hotel-chicago,1
Holiday Inn Willowbrook-Hinsdale,holiday-inn-willowbrook-hinsdale-willowbrook,http://www.yelp.com/biz/holiday-inn-willowbrook-hinsdale-willowbrook,15
Courtyard Chicago Elmhurst Oakbrook Area,courtyard-chicago-elmhurst-oakbrook-area-elmhurst,http://www.yelp.com/biz/courtyard-chicago-elmhurst-oakbrook-area-elmhurst,9
Holiday Inn Express,holiday-inn-express-hillside,http://www.yelp.com/biz/holiday-inn-express-hillside,1
Hyatt Center,hyatt-center-chicago,http://www.yelp.com/biz/hyatt-center-chicago,8
The Champagne Lodge & Luxury Suites,the-champagne-lodge-and-luxury-suites-willowbrook,http://www.yelp.com/biz/the-champagne-lodge-and-luxury-suites-willowbrook,34
La Quinta Inn Chicago Willowbrook,la-quinta-inn-chicago-willowbrook-willowbrook,http://www.yelp.com/biz/la-quinta-inn-chicago-willowbrook-willowbrook,8
Doubletree Guest Suites,doubletree-guest-suites-downers-grove-2,http://www.yelp.com/biz/doubletree-guest-suites-downers-grove-2,24
Hyatt Rosemont,hyatt-rosemont-rosemont,http://www.yelp.com/biz/hyatt-rosemont-rosemont,31
The Westin Chicago Northwest,the-westin-chicago-northwest-itasca-3,http://www.yelp.com/biz/the-westin-chicago-northwest-itasca-3,55
Rosemoor Hotel,rosemoor-hotel-chicago,http://www.yelp.com/biz/rosemoor-hotel-chicago,2
Lincoln Park Guest House,lincoln-park-guest-house-chicago,http://www.yelp.com/biz/lincoln-park-guest-house-chicago,1
Misha Media,misha-media-chicago-2,http://www.yelp.com/biz/misha-media-chicago-2,13
Salvage One,salvage-one-chicago,http://www.yelp.com/biz/salvage-one-chicago,135
Sheraton Chicago Northbrook Hotel,sheraton-chicago-northbrook-hotel-northbrook,http://www.yelp.com/biz/sheraton-chicago-northbrook-hotel-northbrook,21
Extended Stay America - Chicago - O'Hare - North,extended-stay-america-chicago-o-hare-north-des-plaines,http://www.yelp.com/biz/extended-stay-america-chicago-o-hare-north-des-plaines,15
Rodeway Inn,rodeway-inn-skokie,http://www.yelp.com/biz/rodeway-inn-skokie,6
Country Inn & Suites,country-inn-and-suites-mount-prospect,http://www.yelp.com/biz/country-inn-and-suites-mount-prospect,11
The Westin O'Hare,the-westin-o-hare-rosemont,http://www.yelp.com/biz/the-westin-o-hare-rosemont,83
Super 8 Motel Rosemont / O'Hare,super-8-motel-rosemont-o-hare-river-grove,http://www.yelp.com/biz/super-8-motel-rosemont-o-hare-river-grove,6
Super 8 Chicago O'Hare Airport,super-8-chicago-o-hare-airport-elk-grove-villa,http://www.yelp.com/biz/super-8-chicago-o-hare-airport-elk-grove-villa,9
O'Hare Inn & Suites,o-hare-inn-and-suites-schiller-park,http://www.yelp.com/biz/o-hare-inn-and-suites-schiller-park,15
Hilton Chicago/Northbrook,hilton-chicago-northbrook-northbrook,http://www.yelp.com/biz/hilton-chicago-northbrook-northbrook,29
MySpa Chicago,myspa-chicago-chicago,http://www.yelp.com/biz/myspa-chicago-chicago,19
Elite Chicago Limo,elite-chicago-limo-chicago,http://www.yelp.com/biz/elite-chicago-limo-chicago,30
Ambers Hotel,ambers-hotel-chicago,http://www.yelp.com/biz/ambers-hotel-chicago,3
Trump International Hotel & Residence Sales Office,trump-international-hotel-and-residence-sales-office-chicago,http://www.yelp.com/biz/trump-international-hotel-and-residence-sales-office-chicago,5
Covent Hotel,covent-hotel-chicago,http://www.yelp.com/biz/covent-hotel-chicago,2
Hilton Garden Inn,hilton-garden-inn-addison,http://www.yelp.com/biz/hilton-garden-inn-addison,8
Bellwood Hotel,bellwood-hotel-chicago,http://www.yelp.com/biz/bellwood-hotel-chicago,2
Hampton Inn Westchester Oakbrook,hampton-inn-westchester-oakbrook-westchester,http://www.yelp.com/biz/hampton-inn-westchester-oakbrook-westchester,6
Renaissance Chicago North Shore Hotel,renaissance-chicago-north-shore-hotel-northbrook,http://www.yelp.com/biz/renaissance-chicago-north-shore-hotel-northbrook,28
Fullerton Hotel,fullerton-hotel-chicago,http://www.yelp.com/biz/fullerton-hotel-chicago,4
Hampton Inn & Suites Mount Prospect,hampton-inn-and-suites-mount-prospect-mount-prospect,http://www.yelp.com/biz/hampton-inn-and-suites-mount-prospect-mount-prospect,12
University Club of Chicago,university-club-of-chicago-chicago,http://www.yelp.com/biz/university-club-of-chicago-chicago,35
Ameristar Casino Hotel East Chicago,ameristar-casino-hotel-east-chicago-east-chicago,http://www.yelp.com/biz/ameristar-casino-hotel-east-chicago-east-chicago,24
Super 8 Morton Grove,super-8-morton-grove-morton-grove,http://www.yelp.com/biz/super-8-morton-grove-morton-grove,6
Holiday Inn Hotel Chicago Oakbrook,holiday-inn-hotel-chicago-oakbrook-oak-brook,http://www.yelp.com/biz/holiday-inn-hotel-chicago-oakbrook-oak-brook,11
Sheffield House Hotel,sheffield-house-hotel-chicago,http://www.yelp.com/biz/sheffield-house-hotel-chicago,12
Holiday Inn Select-Chicago Midway Airport,holiday-inn-select-chicago-midway-airport-bedford-park,http://www.yelp.com/biz/holiday-inn-select-chicago-midway-airport-bedford-park,2
Aloft Bolingbrook,aloft-bolingbrook-bolingbrook,http://www.yelp.com/biz/aloft-bolingbrook-bolingbrook,35
Howard Johnson Inn and Suites Elk Grove Village O'Hare,howard-johnson-inn-and-suites-elk-grove-village-o-hare-elk-grove-villa,http://www.yelp.com/biz/howard-johnson-inn-and-suites-elk-grove-village-o-hare-elk-grove-villa,13
Courtyard by Marriott,courtyard-by-marriott-bedford-park,http://www.yelp.com/biz/courtyard-by-marriott-bedford-park,3
Club International Restaurant,club-international-restaurant-chicago,http://www.yelp.com/biz/club-international-restaurant-chicago,4
Fairfield Inn & Suites,fairfield-inn-and-suites-tinley-park,http://www.yelp.com/biz/fairfield-inn-and-suites-tinley-park,8
Valet Chicago,valet-chicago-chicago,http://www.yelp.com/biz/valet-chicago-chicago,1
Country Inn & Suites,country-inn-and-suites-bensenville,http://www.yelp.com/biz/country-inn-and-suites-bensenville,8
Residence Inn Chicago Lombard,residence-inn-chicago-lombard-lombard,http://www.yelp.com/biz/residence-inn-chicago-lombard-lombard,9
Extended Stay America,extended-stay-america-burr-ridge,http://www.yelp.com/biz/extended-stay-america-burr-ridge,2
Best Western Chicagoland - Countryside,best-western-chicagoland-countryside-la-grange,http://www.yelp.com/biz/best-western-chicagoland-countryside-la-grange,2
Eaglewood Resort & Spa,eaglewood-resort-and-spa-itasca,http://www.yelp.com/biz/eaglewood-resort-and-spa-itasca,74
Holiday Inn Hotel Chicago-Elk Grove,holiday-inn-hotel-chicago-elk-grove-elk-grove-village,http://www.yelp.com/biz/holiday-inn-hotel-chicago-elk-grove-elk-grove-village,13
Wyndham Glenview Suites,wyndham-glenview-suites-glenview,http://www.yelp.com/biz/wyndham-glenview-suites-glenview,23
La Quinta Inn Chicago O'Hare Airport,la-quinta-inn-chicago-o-hare-airport-elk-grove-village,http://www.yelp.com/biz/la-quinta-inn-chicago-o-hare-airport-elk-grove-village,15
Sybaris,sybaris-northbrook,http://www.yelp.com/biz/sybaris-northbrook,38
Gallery 1028,gallery-1028-chicago,http://www.yelp.com/biz/gallery-1028-chicago,20
Holiday Inn Express Hotel Chicago-Downers Grove,holiday-inn-express-hotel-chicago-downers-grove-downers-grove,http://www.yelp.com/biz/holiday-inn-express-hotel-chicago-downers-grove-downers-grove,10
Best Western Inn of Lagrange,best-western-inn-of-lagrange-countryside,http://www.yelp.com/biz/best-western-inn-of-lagrange-countryside,1
Holiday Inn Select Hotel Chicago-Tinley Park-Conv Ctr,holiday-inn-select-hotel-chicago-tinley-park-conv-ctr-tinley-park,http://www.yelp.com/biz/holiday-inn-select-hotel-chicago-tinley-park-conv-ctr-tinley-park,14
Orbitz,orbitz-chicago-5,http://www.yelp.com/biz/orbitz-chicago-5,45
Extended Stay America - Chicago - Elmhurst - O'Hare,extended-stay-america-chicago-elmhurst-o-hare-elmhurst,http://www.yelp.com/biz/extended-stay-america-chicago-elmhurst-o-hare-elmhurst,7
Howard Johnson Addison,howard-johnson-addison-addison,http://www.yelp.com/biz/howard-johnson-addison-addison,11
Fairfield Inn and Suites,fairfield-inn-and-suites-lombard,http://www.yelp.com/biz/fairfield-inn-and-suites-lombard,10
Jameson Suites,jameson-suites-arlington-heights,http://www.yelp.com/biz/jameson-suites-arlington-heights,9
Holiday Inn Mount Prospect,holiday-inn-mount-prospect-mount-prospect,http://www.yelp.com/biz/holiday-inn-mount-prospect-mount-prospect,10
Hilton Garden Inn Chicago/Tinley Park,hilton-garden-inn-chicago-tinley-park-tinley-park,http://www.yelp.com/biz/hilton-garden-inn-chicago-tinley-park-tinley-park,9
La Quinta Inn Chicago Oakbrook Terrace,la-quinta-inn-chicago-oakbrook-terrace-oakbrook-terrace,http://www.yelp.com/biz/la-quinta-inn-chicago-oakbrook-terrace-oakbrook-terrace,7
La Quinta Hotel,la-quinta-hotel-chicago,http://www.yelp.com/biz/la-quinta-hotel-chicago,1
Renaissance Schaumburg Convention Center Hotel,renaissance-schaumburg-convention-center-hotel-schaumburg,http://www.yelp.com/biz/renaissance-schaumburg-convention-center-hotel-schaumburg,66
Chicago Trolley & Double Decker Co.,chicago-trolley-and-double-decker-co-chicago,http://www.yelp.com/biz/chicago-trolley-and-double-decker-co-chicago,130
Skylark,skylark-chicago-2,http://www.yelp.com/biz/skylark-chicago-2,3
DoubleTree Arlington Heights,doubletree-arlington-heights-arlington-heights,http://www.yelp.com/biz/doubletree-arlington-heights-arlington-heights,21
Crowne Plaza Hotel Chicago-Northbrook,crowne-plaza-hotel-chicago-northbrook-northbrook,http://www.yelp.com/biz/crowne-plaza-hotel-chicago-northbrook-northbrook,19
Chicago Marriott Schaumburg,chicago-marriott-schaumburg-schaumburg,http://www.yelp.com/biz/chicago-marriott-schaumburg-schaumburg,38
Ambiance Suites,ambiance-suites-franklin-park,http://www.yelp.com/biz/ambiance-suites-franklin-park,11
Courtyard By Marriott,courtyard-by-marriott-wood-dale,http://www.yelp.com/biz/courtyard-by-marriott-wood-dale,10
Staybridge Suites Extended Stay Hotel/Chicago-Oakbrook Terrace,staybridge-suites-extended-stay-hotel-chicago-oakbrook-terrace-oakbrook-terrace,http://www.yelp.com/biz/staybridge-suites-extended-stay-hotel-chicago-oakbrook-terrace-oakbrook-terrace,5
Fairfield Inn & Suites Chicago Southeast/Hammond- IN,fairfield-inn-and-suites-chicago-southeast-hammond-in-hammond,http://www.yelp.com/biz/fairfield-inn-and-suites-chicago-southeast-hammond-in-hammond,5
Caravan Motel Inc,caravan-motel-inc-cicero,http://www.yelp.com/biz/caravan-motel-inc-cicero,1
Motel 6,motel-6-schiller-park,http://www.yelp.com/biz/motel-6-schiller-park,11
Red Roof Inn,red-roof-inn-downers-grove,http://www.yelp.com/biz/red-roof-inn-downers-grove,9
Courtyard Chicago Oakbrook Terrace,courtyard-chicago-oakbrook-terrace-oakbrook-terrace,http://www.yelp.com/biz/courtyard-chicago-oakbrook-terrace-oakbrook-terrace,12
Sheraton Suites Chicago Elk Grove,sheraton-suites-chicago-elk-grove-elk-grove-village,http://www.yelp.com/biz/sheraton-suites-chicago-elk-grove-elk-grove-village,25
Prairie Production,prairie-production-chicago,http://www.yelp.com/biz/prairie-production-chicago,41
Days Inn,days-inn-alsip,http://www.yelp.com/biz/days-inn-alsip,6
State & Grand CTA Red Line,state-and-grand-cta-red-line-chicago,http://www.yelp.com/biz/state-and-grand-cta-red-line-chicago,6
Extended Stay America - Chicago - Skokie,extended-stay-america-chicago-skokie-skokie,http://www.yelp.com/biz/extended-stay-america-chicago-skokie-skokie,2
Extended Stay America - Chicago - Hillside,extended-stay-america-chicago-hillside-hillside,http://www.yelp.com/biz/extended-stay-america-chicago-hillside-hillside,3
Comfort Suites,comfort-suites-lansing,http://www.yelp.com/biz/comfort-suites-lansing,2
Homewood Suites by Hilton Orland Park,homewood-suites-by-hilton-orland-park-orland-park,http://www.yelp.com/biz/homewood-suites-by-hilton-orland-park-orland-park,10
Doubletree Hotel,doubletree-hotel-wood-dale,http://www.yelp.com/biz/doubletree-hotel-wood-dale,4
Comfort Inn O'Hare,comfort-inn-o-hare-des-plaines-2,http://www.yelp.com/biz/comfort-inn-o-hare-des-plaines-2,3
Midway Motel,midway-motel-chicago,http://www.yelp.com/biz/midway-motel-chicago,1
Extended Stay America - Chicago - Lombard - Yorktown Center,extended-stay-america-chicago-lombard-yorktown-center-lombard,http://www.yelp.com/biz/extended-stay-america-chicago-lombard-yorktown-center-lombard,5
Nineteenth Century Woman's Club,nineteenth-century-womans-club-oak-park,http://www.yelp.com/biz/nineteenth-century-womans-club-oak-park,11
Diplomat Motel,diplomat-motel-chicago,http://www.yelp.com/biz/diplomat-motel-chicago,3
Best Western Morton Grove Inn,best-western-morton-grove-inn-morton-grove,http://www.yelp.com/biz/best-western-morton-grove-inn-morton-grove,4
Gingerbread Express Elevator,gingerbread-express-elevator-chicago,http://www.yelp.com/biz/gingerbread-express-elevator-chicago,1
Hyatt Place,hyatt-place-chicago-2,http://www.yelp.com/biz/hyatt-place-chicago-2,1
Villa D' Citta,villa-d-citta-chicago,http://www.yelp.com/biz/villa-d-citta-chicago,8
O'hare Kitchenette Apts West,o-hare-kitchenette-apts-west-franklin-park,http://www.yelp.com/biz/o-hare-kitchenette-apts-west-franklin-park,1
Cortewood Home & Suites,cortewood-home-and-suites-chicago,http://www.yelp.com/biz/cortewood-home-and-suites-chicago,3
Courtyard Chicago Arlington Heights/South,courtyard-chicago-arlington-heights-south-arlington-heights,http://www.yelp.com/biz/courtyard-chicago-arlington-heights-south-arlington-heights,9
Irving Hotel,irving-hotel-chicago,http://www.yelp.com/biz/irving-hotel-chicago,3
Hyatt Place Chicago / Itasca,hyatt-place-chicago-itasca-chicago,http://www.yelp.com/biz/hyatt-place-chicago-itasca-chicago,20
House 5863 Bed & Breakfast,house-5863-bed-and-breakfast-chicago,http://www.yelp.com/biz/house-5863-bed-and-breakfast-chicago,19
Essex Inn,essex-inn-chicago-2,http://www.yelp.com/biz/essex-inn-chicago-2,2
Hyatt Regency Schaumburg- Chicago,hyatt-regency-schaumburg-chicago-schaumburg,http://www.yelp.com/biz/hyatt-regency-schaumburg-chicago-schaumburg,44
Comfort Inn & Suites Conference Center,comfort-inn-and-suites-conference-center-prospect-heights,http://www.yelp.com/biz/comfort-inn-and-suites-conference-center-prospect-heights,6
The Essence Suites,the-essence-suites-orland-park,http://www.yelp.com/biz/the-essence-suites-orland-park,6
Prairie Avenue Gallery at The Keith House,prairie-avenue-gallery-at-the-keith-house-chicago-2,http://www.yelp.com/biz/prairie-avenue-gallery-at-the-keith-house-chicago-2,21
Mance's Pub & Hotel,mances-pub-and-hotel-hodgkins,http://www.yelp.com/biz/mances-pub-and-hotel-hodgkins,1
Ramada Plaza,ramada-plaza-chicago,http://www.yelp.com/biz/ramada-plaza-chicago,2
Quality Inn And Conference Center,quality-inn-and-conference-center-burr-ridge-2,http://www.yelp.com/biz/quality-inn-and-conference-center-burr-ridge-2,6
Super 8 Bridgeview/Chicago Area,super-8-bridgeview-chicago-area-bridgeview,http://www.yelp.com/biz/super-8-bridgeview-chicago-area-bridgeview,4
Argonne Guest House,argonne-guest-house-lemont,http://www.yelp.com/biz/argonne-guest-house-lemont,2
Hyatt Hotels & Resorts,hyatt-hotels-and-resorts-deerfield,http://www.yelp.com/biz/hyatt-hotels-and-resorts-deerfield,26
Aura,aura-midlothian,http://www.yelp.com/biz/aura-midlothian,7
The Westin Chicago North Shore,the-westin-chicago-north-shore-wheeling,http://www.yelp.com/biz/the-westin-chicago-north-shore-wheeling,50
Super 8 Motel Hammond North,super-8-motel-hammond-north-hammond,http://www.yelp.com/biz/super-8-motel-hammond-north-hammond,3
Stan Mansion,stan-mansion-chicago,http://www.yelp.com/biz/stan-mansion-chicago,41
Holiday Inn,holiday-inn-itasca-2,http://www.yelp.com/biz/holiday-inn-itasca-2,7
Holiday Inn Express Hotel Chicago-Arlington Heights,holiday-inn-express-hotel-chicago-arlington-heights-arlington-heights,http://www.yelp.com/biz/holiday-inn-express-hotel-chicago-arlington-heights-arlington-heights,4
Hansen House Mansion,hansen-house-mansion-chicago-2,http://www.yelp.com/biz/hansen-house-mansion-chicago-2,8
Masters Transportation,masters-transportation-chicago,http://www.yelp.com/biz/masters-transportation-chicago,16
Hampton Inn,hampton-inn-westchester,http://www.yelp.com/biz/hampton-inn-westchester,1
Residence Inn,residence-inn-rosemont,http://www.yelp.com/biz/residence-inn-rosemont,5
La Quinta Inn & Suites Chicago Tinley Park,la-quinta-inn-and-suites-chicago-tinley-park-tinley-park,http://www.yelp.com/biz/la-quinta-inn-and-suites-chicago-tinley-park-tinley-park,4
Hilton Garden Inn Schaumburg,hilton-garden-inn-schaumburg-schaumburg-2,http://www.yelp.com/biz/hilton-garden-inn-schaumburg-schaumburg-2,13
Donald E Stephens Convention Center,donald-e-stephens-convention-center-rosemont-3,http://www.yelp.com/biz/donald-e-stephens-convention-center-rosemont-3,40
Motel 6,motel-6-elk-grove-village,http://www.yelp.com/biz/motel-6-elk-grove-village,2
McCormick Place Convention Complex,mccormick-place-convention-complex-chicago,http://www.yelp.com/biz/mccormick-place-convention-complex-chicago,115
Bunches A Flower Shop,bunches-a-flower-shop-chicago,http://www.yelp.com/biz/bunches-a-flower-shop-chicago,31
Comfort Inn-O'hare,comfort-inn-o-hare-des-plaines,http://www.yelp.com/biz/comfort-inn-o-hare-des-plaines,4
Courtyard by Marriot,courtyard-by-marriot-elmhurst,http://www.yelp.com/biz/courtyard-by-marriot-elmhurst,1
Majestic Star Casino,majestic-star-casino-gary,http://www.yelp.com/biz/majestic-star-casino-gary,28
Staybridge Suites Glenview,staybridge-suites-glenview-glenview,http://www.yelp.com/biz/staybridge-suites-glenview-glenview,9
Embassy Suites Chicago-North Shore/Deerfield,embassy-suites-chicago-north-shore-deerfield-deerfield-2,http://www.yelp.com/biz/embassy-suites-chicago-north-shore-deerfield-deerfield-2,29
Days Inn Alsip,days-inn-alsip-alsip,http://www.yelp.com/biz/days-inn-alsip-alsip,1
Old Chicago Inn,old-chicago-inn-chicago,http://www.yelp.com/biz/old-chicago-inn-chicago,5
Wingate By Wyndham,wingate-by-wyndham-arlington-heigh,http://www.yelp.com/biz/wingate-by-wyndham-arlington-heigh,2
HYATT house Chicago/Schaumburg,hyatt-house-chicago-schaumburg-schaumburg,http://www.yelp.com/biz/hyatt-house-chicago-schaumburg-schaumburg,10
Hampton Inn & Suites Addison,hampton-inn-and-suites-addison-addison,http://www.yelp.com/biz/hampton-inn-and-suites-addison-addison,7
Chicago Marriott Suites Deerfield,chicago-marriott-suites-deerfield-deerfield-2,http://www.yelp.com/biz/chicago-marriott-suites-deerfield-deerfield-2,11
Pistil & Vine,pistil-and-vine-chicago,http://www.yelp.com/biz/pistil-and-vine-chicago,32
Courtyard Chicago Deerfield,courtyard-chicago-deerfield-deerfield,http://www.yelp.com/biz/courtyard-chicago-deerfield-deerfield,7
Sybaris,sybaris-downers-grove,http://www.yelp.com/biz/sybaris-downers-grove,10
William Tell Restaurant,william-tell-restaurant-countryside,http://www.yelp.com/biz/william-tell-restaurant-countryside,21
Courtyard Chicago Schaumburg,courtyard-chicago-schaumburg-schaumburg,http://www.yelp.com/biz/courtyard-chicago-schaumburg-schaumburg,10
Gold Coast Guest House Bed & Breakfast,gold-coast-guest-house-bed-and-breakfast-chicago,http://www.yelp.com/biz/gold-coast-guest-house-bed-and-breakfast-chicago,2
Dan Gin Photography,dan-gin-photography-chicago-4,http://www.yelp.com/biz/dan-gin-photography-chicago-4,24
La Quinta Inn Chicago Schaumburg,la-quinta-inn-chicago-schaumburg-schaumburg,http://www.yelp.com/biz/la-quinta-inn-chicago-schaumburg-schaumburg,12
Ramada Hammond,ramada-hammond-hammond,http://www.yelp.com/biz/ramada-hammond-hammond,2
Newberry Library,newberry-library-chicago,http://www.yelp.com/biz/newberry-library-chicago,53
Embassy Suites Hotel - Schaumburg/Woodfield,embassy-suites-hotel-schaumburg-woodfield-schaumburg,http://www.yelp.com/biz/embassy-suites-hotel-schaumburg-woodfield-schaumburg,22
Residence Inn Chicago Southeast/Hammond- IN,residence-inn-chicago-southeast-hammond-in-hammond-5,http://www.yelp.com/biz/residence-inn-chicago-southeast-hammond-in-hammond-5,2
Belmont Red/Brown/Purple Line CTA,belmont-red-brown-purple-line-cta-chicago,http://www.yelp.com/biz/belmont-red-brown-purple-line-cta-chicago,32
Tivoli Hotel,tivoli-hotel-downers-grove,http://www.yelp.com/biz/tivoli-hotel-downers-grove,2
The Executive Plaza Hotel,the-executive-plaza-hotel-wheeling,http://www.yelp.com/biz/the-executive-plaza-hotel-wheeling,5
The Merchandise Mart,the-merchandise-mart-chicago,http://www.yelp.com/biz/the-merchandise-mart-chicago,54
House of Blues,house-of-blues-chicago,http://www.yelp.com/biz/house-of-blues-chicago,463
Red Roof Inns,red-roof-inns-willowbrook,http://www.yelp.com/biz/red-roof-inns-willowbrook,3
O-MI Motel,o-mi-motel-chicago,http://www.yelp.com/biz/o-mi-motel-chicago,1
Hyatt Place,hyatt-place-schaumburg,http://www.yelp.com/biz/hyatt-place-schaumburg,21
Lenox Suites Hotel,lenox-suites-hotel-chicago-2,http://www.yelp.com/biz/lenox-suites-hotel-chicago-2,1
Country Inn & Suites,country-inn-and-suites-tinley-park,http://www.yelp.com/biz/country-inn-and-suites-tinley-park,4
Chicago O'Hare Garden Hotel,chicago-o-hare-garden-hotel-chicago-3,http://www.yelp.com/biz/chicago-o-hare-garden-hotel-chicago-3,4
The Traveling Photo Booth,the-traveling-photo-booth-chicago,http://www.yelp.com/biz/the-traveling-photo-booth-chicago,44
Cenacle Retreat and Conference Center,cenacle-retreat-and-conference-center-chicago,http://www.yelp.com/biz/cenacle-retreat-and-conference-center-chicago,4
Days Inn Elk Grove Village/Chicago/O'Hare Airport West,days-inn-elk-grove-village-chicago-o-hare-airport-west-elk-grove-village,http://www.yelp.com/biz/days-inn-elk-grove-village-chicago-o-hare-airport-west-elk-grove-village,10
China Doll Guest House,china-doll-guest-house-chicago-2,http://www.yelp.com/biz/china-doll-guest-house-chicago-2,2
Super 8 Northlake,super-8-northlake-northlake,http://www.yelp.com/biz/super-8-northlake-northlake,2
Best Western Hotel,best-western-hotel-des-plaines,http://www.yelp.com/biz/best-western-hotel-des-plaines,3
International House at the University of Chicago,international-house-at-the-university-of-chicago-chicago-2,http://www.yelp.com/biz/international-house-at-the-university-of-chicago-chicago-2,5
Plaza Inn Motel,plaza-inn-motel-calumet-park,http://www.yelp.com/biz/plaza-inn-motel-calumet-park,1
Venue SIX10,venue-six10-chicago,http://www.yelp.com/biz/venue-six10-chicago,4
The Magic Parlour,the-magic-parlour-chicago-2,http://www.yelp.com/biz/the-magic-parlour-chicago-2,13
Quality Inn & Suites Elk Grove Village/O'Hare,quality-inn-and-suites-elk-grove-village-o-hare-elk-grove-village,http://www.yelp.com/biz/quality-inn-and-suites-elk-grove-village-o-hare-elk-grove-village,10
Baymont Inn And Suites Calumet City,baymont-inn-and-suites-calumet-city-calumet-city,http://www.yelp.com/biz/baymont-inn-and-suites-calumet-city-calumet-city,2
Homestead Studio Suites Hotel,homestead-studio-suites-hotel-lombard,http://www.yelp.com/biz/homestead-studio-suites-hotel-lombard,2
The Metropolitan Club,the-metropolitan-club-chicago,http://www.yelp.com/biz/the-metropolitan-club-chicago,76
Manilow Suites,manilow-suites-chicago-6,http://www.yelp.com/biz/manilow-suites-chicago-6,1
Casa de Shafa,casa-de-shafa-chicago,http://www.yelp.com/biz/casa-de-shafa-chicago,4
Courtyard by Marriott,courtyard-by-marriott-chicago-4,http://www.yelp.com/biz/courtyard-by-marriott-chicago-4,1
Wingate By Wyndham,wingate-by-wyndham-tinley-park,http://www.yelp.com/biz/wingate-by-wyndham-tinley-park,3
Bridgeport Bed and Breakfast,bridgeport-bed-and-breakfast-chicago,http://www.yelp.com/biz/bridgeport-bed-and-breakfast-chicago,4
Comfort Suites,comfort-suites-schaumburg,http://www.yelp.com/biz/comfort-suites-schaumburg,6
Harrison St. Red Line Stop,harrison-st-red-line-stop-chicago,http://www.yelp.com/biz/harrison-st-red-line-stop-chicago,6
SpringHill Suites Chicago Schaumburg,springhill-suites-chicago-schaumburg-schaumburg-2,http://www.yelp.com/biz/springhill-suites-chicago-schaumburg-schaumburg-2,8
Holiday Inn Oakbrook,holiday-inn-oakbrook-villa-park,http://www.yelp.com/biz/holiday-inn-oakbrook-villa-park,1
Motel 6,motel-6-arlington-heights,http://www.yelp.com/biz/motel-6-arlington-heights,5
Gleacher Center,gleacher-center-chicago-2,http://www.yelp.com/biz/gleacher-center-chicago-2,10
Goodman Theatre,goodman-theatre-chicago,http://www.yelp.com/biz/goodman-theatre-chicago,98
Fairfield Inn by Marriott,fairfield-inn-by-marriott-glenview,http://www.yelp.com/biz/fairfield-inn-by-marriott-glenview,1
Extended Stay America - Chicago - Itasca,extended-stay-america-chicago-itasca-itasca,http://www.yelp.com/biz/extended-stay-america-chicago-itasca-itasca,2
ShutterBooth Photobooth,shutterbooth-photobooth-chicago-6,http://www.yelp.com/biz/shutterbooth-photobooth-chicago-6,21
Comfort Suites,comfort-suites-lombard,http://www.yelp.com/biz/comfort-suites-lombard,3
St Patrick's Day Parade Committee of Chicago,st-patricks-day-parade-committee-of-chicago-chicago,http://www.yelp.com/biz/st-patricks-day-parade-committee-of-chicago-chicago,3
Union Station,union-station-chicago-2,http://www.yelp.com/biz/union-station-chicago-2,193
Doubletree Hotel Chicago-Schaumburg,doubletree-hotel-chicago-schaumburg-schaumburg,http://www.yelp.com/biz/doubletree-hotel-chicago-schaumburg-schaumburg,14
Super 8 Motel,super-8-motel-willowbrook,http://www.yelp.com/biz/super-8-motel-willowbrook,1
Days Inn Harvey,days-inn-harvey-harvey,http://www.yelp.com/biz/days-inn-harvey-harvey,1
Colin Lyons Wedding Photography,colin-lyons-wedding-photography-chicago,http://www.yelp.com/biz/colin-lyons-wedding-photography-chicago,25
West Englewood Home Lodge,west-englewood-home-lodge-oak-lawn,http://www.yelp.com/biz/west-englewood-home-lodge-oak-lawn,1
City Point Loft,city-point-loft-chicago,http://www.yelp.com/biz/city-point-loft-chicago,3
10pin Bowling Lounge,10pin-bowling-lounge-chicago,http://www.yelp.com/biz/10pin-bowling-lounge-chicago,198
John B. Murphy Memorial Auditorium,john-b-murphy-memorial-auditorium-chicago,http://www.yelp.com/biz/john-b-murphy-memorial-auditorium-chicago,7
Old Town Bed & Breakfast,old-town-bed-and-breakfast-chicago,http://www.yelp.com/biz/old-town-bed-and-breakfast-chicago,1
Chicago Bed & Breakfast,chicago-bed-and-breakfast-chicago,http://www.yelp.com/biz/chicago-bed-and-breakfast-chicago,1
New Budget Motel,new-budget-motel-chicago,http://www.yelp.com/biz/new-budget-motel-chicago,1
Holiday Inn Express,holiday-inn-express-riverwoods,http://www.yelp.com/biz/holiday-inn-express-riverwoods,9
howard Johnson Lansing,howard-johnson-lansing-lansing,http://www.yelp.com/biz/howard-johnson-lansing-lansing,5
Red Roof Inns,red-roof-inns-lansing-2,http://www.yelp.com/biz/red-roof-inns-lansing-2,5
The Rookery Building,the-rookery-building-chicago-2,http://www.yelp.com/biz/the-rookery-building-chicago-2,31
Super 8 East Hazel Crest,super-8-east-hazel-crest-hazel-crest,http://www.yelp.com/biz/super-8-east-hazel-crest-hazel-crest,6
Metra Metropolitan Rail,metra-metropolitan-rail-franklin-park,http://www.yelp.com/biz/metra-metropolitan-rail-franklin-park,2
River Park Moose Lodge No 378,river-park-moose-lodge-no-378-river-grove,http://www.yelp.com/biz/river-park-moose-lodge-no-378-river-grove,1
Super 8 Prospect Heights,super-8-prospect-heights-prospect-height,http://www.yelp.com/biz/super-8-prospect-heights-prospect-height,3
Holiday Inn Express Hotel & Suites Chicago South Lansing,holiday-inn-express-hotel-and-suites-chicago-south-lansing-lansing-2,http://www.yelp.com/biz/holiday-inn-express-hotel-and-suites-chicago-south-lansing-lansing-2,1
Bishops Hall,bishops-hall-oak-park,http://www.yelp.com/biz/bishops-hall-oak-park,6
Mark Twain Hotel,mark-twain-hotel-chicago,http://www.yelp.com/biz/mark-twain-hotel-chicago,1
Aloha Motel,aloha-motel-chicago,http://www.yelp.com/biz/aloha-motel-chicago,2
Best Western Plus,best-western-plus-schaumburg,http://www.yelp.com/biz/best-western-plus-schaumburg,7
Extended Stay America - Chicago - Westmont - Oak Brook,extended-stay-america-chicago-westmont-oak-brook-westmont,http://www.yelp.com/biz/extended-stay-america-chicago-westmont-oak-brook-westmont,2
Venue One,venue-one-chicago,http://www.yelp.com/biz/venue-one-chicago,8
Jesse's Shortstop Inn,jesses-shortstop-inn-chicago,http://www.yelp.com/biz/jesses-shortstop-inn-chicago,5
Diplomat Hotel,diplomat-hotel-chicago,http://www.yelp.com/biz/diplomat-hotel-chicago,1
Holiday Inn Express Hotel Chicago-Palatine/N Arlngtn Hts,holiday-inn-express-hotel-chicago-palatine-n-arlngtn-hts-palatine,http://www.yelp.com/biz/holiday-inn-express-hotel-chicago-palatine-n-arlngtn-hts-palatine,5
Comfort Inn,comfort-inn-orland-park-2,http://www.yelp.com/biz/comfort-inn-orland-park-2,11
Lagrange Motel,lagrange-motel-la-grange,http://www.yelp.com/biz/lagrange-motel-la-grange,1
Park West,park-west-chicago,http://www.yelp.com/biz/park-west-chicago,160
Sky Lounge,sky-lounge-chicago,http://www.yelp.com/biz/sky-lounge-chicago,2
Courtyard Chicago Highland Park/Northbrook,courtyard-chicago-highland-park-northbrook-highland-park,http://www.yelp.com/biz/courtyard-chicago-highland-park-northbrook-highland-park,4
Ramada Glendale Heights- Il,ramada-glendale-heights-il-glendale-height,http://www.yelp.com/biz/ramada-glendale-heights-il-glendale-height,6
Norford Hotel,norford-hotel-chicago,http://www.yelp.com/biz/norford-hotel-chicago,1
Room 1520,room-1520-chicago,http://www.yelp.com/biz/room-1520-chicago,30
Colony Motel,colony-motel-lyons,http://www.yelp.com/biz/colony-motel-lyons,3
Shamrock Motel,shamrock-motel-cicero,http://www.yelp.com/biz/shamrock-motel-cicero,1
Victoria Sprung Photography,victoria-sprung-photography-chicago-2,http://www.yelp.com/biz/victoria-sprung-photography-chicago-2,37
Wooded Isle,wooded-isle-chicago,http://www.yelp.com/biz/wooded-isle-chicago,1
Porter's Fine Dining,porters-fine-dining-glenview,http://www.yelp.com/biz/porters-fine-dining-glenview,1
Hotel Elinor,hotel-elinor-chicago,http://www.yelp.com/biz/hotel-elinor-chicago,1
Travelodge O'Hare/Elk Grove Village,travelodge-o-hare-elk-grove-village-elk-grove-village,http://www.yelp.com/biz/travelodge-o-hare-elk-grove-village-elk-grove-village,2
Apollos 2000,apollos-2000-chicago,http://www.yelp.com/biz/apollos-2000-chicago,2
Days Inn Elk Grove Villa,days-inn-elk-grove-villa-elk-grove-village,http://www.yelp.com/biz/days-inn-elk-grove-villa-elk-grove-village,6
Washout Inn,washout-inn-chicago,http://www.yelp.com/biz/washout-inn-chicago,2
Holiday Inn Hotel Rolling Meadows,holiday-inn-hotel-rolling-meadows-rolling-meadows,http://www.yelp.com/biz/holiday-inn-hotel-rolling-meadows-rolling-meadows,5
Motel 6,motel-6-villa-park,http://www.yelp.com/biz/motel-6-villa-park,2
Auditorium Theatre,auditorium-theatre-chicago,http://www.yelp.com/biz/auditorium-theatre-chicago,114
Comfort Inn,comfort-inn-downers-grove,http://www.yelp.com/biz/comfort-inn-downers-grove,3
Mars Gallery,mars-gallery-chicago,http://www.yelp.com/biz/mars-gallery-chicago,35
Barbara Ann's Motel Two,barbara-anns-motel-two-chicago,http://www.yelp.com/biz/barbara-anns-motel-two-chicago,1
Limotainment,limotainment-chicago,http://www.yelp.com/biz/limotainment-chicago,20
New Relax Inn,new-relax-inn-bridgeview,http://www.yelp.com/biz/new-relax-inn-bridgeview,1
Hampton Inn & Suites,hampton-inn-and-suites-munster,http://www.yelp.com/biz/hampton-inn-and-suites-munster,3
The Glen Club,the-glen-club-glenview,http://www.yelp.com/biz/the-glen-club-glenview,19
Apache Motel,apache-motel-chicago,http://www.yelp.com/biz/apache-motel-chicago,3
Holiday Inn,holiday-inn-rolling-meadows-2,http://www.yelp.com/biz/holiday-inn-rolling-meadows-2,9
Airport Limo and Taxi,airport-limo-and-taxi-chicago,http://www.yelp.com/biz/airport-limo-and-taxi-chicago,1
Windy City Mix Entertainment,windy-city-mix-entertainment-chicago-2,http://www.yelp.com/biz/windy-city-mix-entertainment-chicago-2,13
Old Chicago Inn,old-chicago-inn-chicago-2,http://www.yelp.com/biz/old-chicago-inn-chicago-2,1
Chicago International Hostel,chicago-international-hostel-chicago,http://www.yelp.com/biz/chicago-international-hostel-chicago,3
Country Inn & Suites by Carlson,country-inn-and-suites-by-carlson-elk-grove-village,http://www.yelp.com/biz/country-inn-and-suites-by-carlson-elk-grove-village,8
Oak Brook Hills Resort Chicago,oak-brook-hills-resort-chicago-oak-brook,http://www.yelp.com/biz/oak-brook-hills-resort-chicago-oak-brook,1
Loft on Lake,loft-on-lake-chicago,http://www.yelp.com/biz/loft-on-lake-chicago,39
3639 Wrigley Rooftop,3639-wrigley-rooftop-chicago,http://www.yelp.com/biz/3639-wrigley-rooftop-chicago,54
Aragon Arms Hotel,aragon-arms-hotel-chicago,http://www.yelp.com/biz/aragon-arms-hotel-chicago,1
Home Stretch Inn,home-stretch-inn-river-grove,http://www.yelp.com/biz/home-stretch-inn-river-grove,2
The Ballroom At 12 East Erie,the-ballroom-at-12-east-erie-chicago-2,http://www.yelp.com/biz/the-ballroom-at-12-east-erie-chicago-2,2
My Chicago Limousine,my-chicago-limousine-chicago,http://www.yelp.com/biz/my-chicago-limousine-chicago,2
Hawthorn Suites By Wyndham Chicago Schaumburg,hawthorn-suites-by-wyndham-chicago-schaumburg-schaumburg,http://www.yelp.com/biz/hawthorn-suites-by-wyndham-chicago-schaumburg-schaumburg,1
Chicago Brew Bus,chicago-brew-bus-chicago-3,http://www.yelp.com/biz/chicago-brew-bus-chicago-3,19
The Aster House Apartments,the-aster-house-apartments-chicago,http://www.yelp.com/biz/the-aster-house-apartments-chicago,4
Red Roof Inns,red-roof-inns-northbrook,http://www.yelp.com/biz/red-roof-inns-northbrook,8
Ogilvie Transportation Center,ogilvie-transportation-center-chicago,http://www.yelp.com/biz/ogilvie-transportation-center-chicago,97
SUB 51,sub-51-chicago,http://www.yelp.com/biz/sub-51-chicago,56
Hampton Inn Chicago Tinley Park,hampton-inn-chicago-tinley-park-tinley-park-3,http://www.yelp.com/biz/hampton-inn-chicago-tinley-park-tinley-park-3,2
Jc Miami Motel,jc-miami-motel-oak-lawn,http://www.yelp.com/biz/jc-miami-motel-oak-lawn,2
Chicago Doll Photography,chicago-doll-photography-chicago,http://www.yelp.com/biz/chicago-doll-photography-chicago,16
Wyndham Garden Inn Buffalo Grove,wyndham-garden-inn-buffalo-grove-buffalo-grove,http://www.yelp.com/biz/wyndham-garden-inn-buffalo-grove-buffalo-grove,10
America's Best Value Inn,americas-best-value-inn-glen-ellyn,http://www.yelp.com/biz/americas-best-value-inn-glen-ellyn,3
Extended Stay America - Chicago - O'Hare - South,extended-stay-america-chicago-o-hare-south-des-plaines,http://www.yelp.com/biz/extended-stay-america-chicago-o-hare-south-des-plaines,5
Patio Motel,patio-motel-chicago,http://www.yelp.com/biz/patio-motel-chicago,1
Center on Halsted,center-on-halsted-chicago,http://www.yelp.com/biz/center-on-halsted-chicago,39
Quadrangle Club,quadrangle-club-chicago,http://www.yelp.com/biz/quadrangle-club-chicago,11
Germania Place,germania-place-chicago,http://www.yelp.com/biz/germania-place-chicago,44
Extended Stay America - Chicago - Woodfield Mall,extended-stay-america-chicago-woodfield-mall-schaumburg,http://www.yelp.com/biz/extended-stay-america-chicago-woodfield-mall-schaumburg,5
Gameday Housing,gameday-housing-chicago-2,http://www.yelp.com/biz/gameday-housing-chicago-2,5
Metra Metropolitan Rail - Lombard Station,metra-metropolitan-rail-lombard-station-lombard,http://www.yelp.com/biz/metra-metropolitan-rail-lombard-station-lombard,4
Mc Cormick Place Convention Complex,mc-cormick-place-convention-complex-chicago,http://www.yelp.com/biz/mc-cormick-place-convention-complex-chicago,12
Residence's At Grand Plaza,residences-at-grand-plaza-chicago,http://www.yelp.com/biz/residences-at-grand-plaza-chicago,2
Country Inn & Suites,country-inn-and-suites-tinley-park-3,http://www.yelp.com/biz/country-inn-and-suites-tinley-park-3,3
Clayton Motel,clayton-motel-bridgeview,http://www.yelp.com/biz/clayton-motel-bridgeview,1
Suvana Airport Transfers,suvana-airport-transfers-detroit-2,http://www.yelp.com/biz/suvana-airport-transfers-detroit-2,3
Homewood Hotel,homewood-hotel-chicago,http://www.yelp.com/biz/homewood-hotel-chicago,1
Holiday Inn Express,holiday-inn-express-rolling-meadows-2,http://www.yelp.com/biz/holiday-inn-express-rolling-meadows-2,5
ChiTown Party Bus,chitown-party-bus-chicago-2,http://www.yelp.com/biz/chitown-party-bus-chicago-2,13
Wyndham Garden Elk Grove Village,wyndham-garden-elk-grove-village-elk-grove-village-2,http://www.yelp.com/biz/wyndham-garden-elk-grove-village-elk-grove-village-2,1
Maplewood Inn,maplewood-inn-blue-island,http://www.yelp.com/biz/maplewood-inn-blue-island,1
Northerly Island,northerly-island-chicago,http://www.yelp.com/biz/northerly-island-chicago,26
Chicago's Old Town Suites,chicagos-old-town-suites-chicago,http://www.yelp.com/biz/chicagos-old-town-suites-chicago,2
Elks Lodge Des Plaines,elks-lodge-des-plaines-des-plaines,http://www.yelp.com/biz/elks-lodge-des-plaines-des-plaines,3
Maxim's,maxims-chicago-2,http://www.yelp.com/biz/maxims-chicago-2,4
Courtyard Chicago Southeast/Hammond- IN,courtyard-chicago-southeast-hammond-in-hammond-4,http://www.yelp.com/biz/courtyard-chicago-southeast-hammond-in-hammond-4,4
Morgan CTA Stop,morgan-cta-stop-chicago-2,http://www.yelp.com/biz/morgan-cta-stop-chicago-2,5
L P Motel,l-p-motel-harwood-heights,http://www.yelp.com/biz/l-p-motel-harwood-heights,2
Residence Inn Chicago Schaumburg,residence-inn-chicago-schaumburg-schaumburg,http://www.yelp.com/biz/residence-inn-chicago-schaumburg-schaumburg,8
Holiday Inn Express,holiday-inn-express-crestwood,http://www.yelp.com/biz/holiday-inn-express-crestwood,1
The Trolley Car & Bus Company,the-trolley-car-and-bus-company-bensenville,http://www.yelp.com/biz/the-trolley-car-and-bus-company-bensenville,14
Next Door Cafe,next-door-cafe-chicago,http://www.yelp.com/biz/next-door-cafe-chicago,139
AMA Executive Conference Center,ama-executive-conference-center-chicago,http://www.yelp.com/biz/ama-executive-conference-center-chicago,3
Business Center-The Palmer House,business-center-the-palmer-house-chicago,http://www.yelp.com/biz/business-center-the-palmer-house-chicago,1
Days Inn,days-inn-niles-2,http://www.yelp.com/biz/days-inn-niles-2,4
Architectural Artifacts,architectural-artifacts-chicago,http://www.yelp.com/biz/architectural-artifacts-chicago,81
Edgebrook Motel,edgebrook-motel-chicago,http://www.yelp.com/biz/edgebrook-motel-chicago,3
Traveler's Inn of Niles,travelers-inn-of-niles-niles,http://www.yelp.com/biz/travelers-inn-of-niles-niles,6
Bridgestreet Corporate Housing,bridgestreet-corporate-housing-chicago-2,http://www.yelp.com/biz/bridgestreet-corporate-housing-chicago-2,1
Econo Lodge,econo-lodge-melrose-park,http://www.yelp.com/biz/econo-lodge-melrose-park,1
Motel 6,motel-6-glenview,http://www.yelp.com/biz/motel-6-glenview,6
Millennium Station,millennium-station-chicago,http://www.yelp.com/biz/millennium-station-chicago,19
Motel 6,motel-6-hammond,http://www.yelp.com/biz/motel-6-hammond,4
Private Dining Rooms of Spiaggia,private-dining-rooms-of-spiaggia-chicago,http://www.yelp.com/biz/private-dining-rooms-of-spiaggia-chicago,18
Fountain Blue Banquets & Conference Center,fountain-blue-banquets-and-conference-center-des-plaines,http://www.yelp.com/biz/fountain-blue-banquets-and-conference-center-des-plaines,14
Exotic Coach Chicago,exotic-coach-chicago-limousines-villa-park,http://www.yelp.com/biz/exotic-coach-chicago-limousines-villa-park,7
The Grand Ballroom,the-grand-ballroom-chicago,http://www.yelp.com/biz/the-grand-ballroom-chicago,2
Quality Inn,quality-inn-schaumburg,http://www.yelp.com/biz/quality-inn-schaumburg,13
Sedgwick Brown Line CTA - Purple Express,sedgwick-brown-line-cta-purple-express-chicago,http://www.yelp.com/biz/sedgwick-brown-line-cta-purple-express-chicago,5
Howard Johnson Inn Downtown Chicago,howard-johnson-inn-downtown-chicago-chicago-2,http://www.yelp.com/biz/howard-johnson-inn-downtown-chicago-chicago-2,1
Surreal Limo,surreal-limo-chicago,http://www.yelp.com/biz/surreal-limo-chicago,7
CTA Blue Line Jackson,cta-blue-line-jackson-chicago,http://www.yelp.com/biz/cta-blue-line-jackson-chicago,22
Monastery of the Holy Cross,monastery-of-the-holy-cross-chicago,http://www.yelp.com/biz/monastery-of-the-holy-cross-chicago,3
Courtyard By Marriott Chicago Arlington Heights North,courtyard-by-marriott-chicago-arlington-heights-north-arlington-heights,http://www.yelp.com/biz/courtyard-by-marriott-chicago-arlington-heights-north-arlington-heights,5
Extended Stay America - Chicago - Lombard - Oakbrook,extended-stay-america-chicago-lombard-oakbrook-lombard,http://www.yelp.com/biz/extended-stay-america-chicago-lombard-oakbrook-lombard,1
Hampton Inn & Suites,hampton-inn-and-suites-deer-park,http://www.yelp.com/biz/hampton-inn-and-suites-deer-park,7
Emperor Limousine,emperor-limousine-addison-3,http://www.yelp.com/biz/emperor-limousine-addison-3,17
Brer Rabbitt Motel,brer-rabbitt-motel-villa-park,http://www.yelp.com/biz/brer-rabbitt-motel-villa-park,1
Blue Plate Catering,blue-plate-catering-chicago,http://www.yelp.com/biz/blue-plate-catering-chicago,51
Mayslake Peabody Estate,mayslake-peabody-estate-oak-brook,http://www.yelp.com/biz/mayslake-peabody-estate-oak-brook,11
Extended Stay America - Chicago - Downers Grove,extended-stay-america-chicago-downers-grove-downers-grove,http://www.yelp.com/biz/extended-stay-america-chicago-downers-grove-downers-grove,6
Intown Suites Chicago O'hare,intown-suites-chicago-o-hare-elk-grove-village,http://www.yelp.com/biz/intown-suites-chicago-o-hare-elk-grove-village,4
Western Blue Line,western-blue-line-chicago,http://www.yelp.com/biz/western-blue-line-chicago,2
Best Motel & Suites,best-motel-and-suites-dolton,http://www.yelp.com/biz/best-motel-and-suites-dolton,1
Blur Foto,blur-foto-chicago,http://www.yelp.com/biz/blur-foto-chicago,7
Janosik Banquets,janosik-banquets-hickory-hills,http://www.yelp.com/biz/janosik-banquets-hickory-hills,6
TownePlace Suites Chicago Lombard,towneplace-suites-chicago-lombard-lombard,http://www.yelp.com/biz/towneplace-suites-chicago-lombard-lombard,3
Discovery Bay,discovery-bay-lombard,http://www.yelp.com/biz/discovery-bay-lombard,1
Drury Lane Theatre Oakbrook Terrace,drury-lane-theatre-oakbrook-terrace-oakbrook-terrace,http://www.yelp.com/biz/drury-lane-theatre-oakbrook-terrace-oakbrook-terrace,94
Courtyard Chicago Arlington Heights/North,courtyard-chicago-arlington-heights-north-arlington-heights,http://www.yelp.com/biz/courtyard-chicago-arlington-heights-north-arlington-heights,5
Esplanade Lakes by Doubletree,esplanade-lakes-by-doubletree-downers-grove,http://www.yelp.com/biz/esplanade-lakes-by-doubletree-downers-grove,7
Salvatore's Restaurant,salvatores-restaurant-chicago,http://www.yelp.com/biz/salvatores-restaurant-chicago,65
Silhouette Strings,silhouette-strings-chicago,http://www.yelp.com/biz/silhouette-strings-chicago,2
Mayflower Motel,mayflower-motel-clarendon-hills,http://www.yelp.com/biz/mayflower-motel-clarendon-hills,2
Harvey House Bed & Breakfast,harvey-house-bed-and-breakfast-oak-park,http://www.yelp.com/biz/harvey-house-bed-and-breakfast-oak-park,9
Sleep Inn,sleep-inn-tinley-park,http://www.yelp.com/biz/sleep-inn-tinley-park,1
The White Eagle,the-white-eagle-niles,http://www.yelp.com/biz/the-white-eagle-niles,45
Chez Hot Lips,chez-hot-lips-chicago,http://www.yelp.com/biz/chez-hot-lips-chicago,1
Michigan Avenue Bridge,michigan-avenue-bridge-chicago,http://www.yelp.com/biz/michigan-avenue-bridge-chicago,2
Terrace Motel the,terrace-motel-the-oak-forest,http://www.yelp.com/biz/terrace-motel-the-oak-forest,1
Ryan Corporate Housing,ryan-corporate-housing-chicago,http://www.yelp.com/biz/ryan-corporate-housing-chicago,2
Best Western Oak Forest,best-western-oak-forest-oak-forest,http://www.yelp.com/biz/best-western-oak-forest-oak-forest,5
Party Bus Chicago,party-bus-chicago-chicago-2,http://www.yelp.com/biz/party-bus-chicago-chicago-2,1
Annie's Studio Bed and Breakfast,annies-studio-bed-and-breakfast-chicago,http://www.yelp.com/biz/annies-studio-bed-and-breakfast-chicago,1
Addison Motel,addison-motel-addison,http://www.yelp.com/biz/addison-motel-addison,3
Castle,castle-chicago,http://www.yelp.com/biz/castle-chicago,71
The Focus Centre of Chicago,the-focus-centre-of-chicago-chicago,http://www.yelp.com/biz/the-focus-centre-of-chicago-chicago,2
Ashton Place,ashton-place-willowbrook,http://www.yelp.com/biz/ashton-place-willowbrook,7
Motel 6,motel-6-evanston,http://www.yelp.com/biz/motel-6-evanston,10
Comfort Inn & Suites,comfort-inn-and-suites-tinley-park,http://www.yelp.com/biz/comfort-inn-and-suites-tinley-park,2
Board Room Chicago- A Boutique Nightclub,board-room-chicago-a-boutique-nightclub-chicago,http://www.yelp.com/biz/board-room-chicago-a-boutique-nightclub-chicago,60
CTA - Roosevelt,cta-roosevelt-chicago,http://www.yelp.com/biz/cta-roosevelt-chicago,2
The Paul Mabin Band,the-paul-mabin-band-evanston,http://www.yelp.com/biz/the-paul-mabin-band-evanston,5
The O'Baxter B&B,the-o-baxter-b-and-b-chicago,http://www.yelp.com/biz/the-o-baxter-b-and-b-chicago,1
Royalty West Banquets,royalty-west-banquets-willow-springs,http://www.yelp.com/biz/royalty-west-banquets-willow-springs,11
Abbington Distinctive Banquets,abbington-distinctive-banquets-glen-ellyn-2,http://www.yelp.com/biz/abbington-distinctive-banquets-glen-ellyn-2,20
Dynasty Banquets,dynasty-banquets-hammond,http://www.yelp.com/biz/dynasty-banquets-hammond,7
Chicago Party Bus 1,chicago-party-bus-1-chicago,http://www.yelp.com/biz/chicago-party-bus-1-chicago,2
Now We're Cookin',now-were-cookin-evanston,http://www.yelp.com/biz/now-were-cookin-evanston,6
Benchmark Restaurant,benchmark-restaurant-rosemont,http://www.yelp.com/biz/benchmark-restaurant-rosemont,2
American Express,american-express-oak-brook,http://www.yelp.com/biz/american-express-oak-brook,1
The Oaks Hotel,the-oaks-hotel-willowbrook,http://www.yelp.com/biz/the-oaks-hotel-willowbrook,1
Cafe Brauer,cafe-brauer-chicago,http://www.yelp.com/biz/cafe-brauer-chicago,38
Super 8 Mokena/Frankfort/I-80,super-8-mokena-frankfort-i-80-mokena,http://www.yelp.com/biz/super-8-mokena-frankfort-i-80-mokena,2
Healy Metra Station,healy-metra-station-chicago,http://www.yelp.com/biz/healy-metra-station-chicago,1
Oak Brook Bath & Tennis Club,oak-brook-bath-and-tennis-club-hinsdale,http://www.yelp.com/biz/oak-brook-bath-and-tennis-club-hinsdale,6
XTC Chicago Party Bus,xtc-chicago-party-bus-chicago-2,http://www.yelp.com/biz/xtc-chicago-party-bus-chicago-2,2
Hotel Bollero,hotel-bollero-palatine,http://www.yelp.com/biz/hotel-bollero-palatine,2
Country Inn & Suite Hotels,country-inn-and-suite-hotels-mount-prospect,http://www.yelp.com/biz/country-inn-and-suite-hotels-mount-prospect,1
Roosevelt Station,roosevelt-station-chicago,http://www.yelp.com/biz/roosevelt-station-chicago,1
O'hare Kitchenette Motel,o-hare-kitchenette-motel-melrose-park,http://www.yelp.com/biz/o-hare-kitchenette-motel-melrose-park,1
Van Buren Nictd Station,van-buren-nictd-station-chicago,http://www.yelp.com/biz/van-buren-nictd-station-chicago,1
Best Western Plus Glenview-Chicagoland Inn & Suites,best-western-plus-glenview-chicagoland-inn-and-suites-glenview,http://www.yelp.com/biz/best-western-plus-glenview-chicagoland-inn-and-suites-glenview,1
69th Red Line,69th-red-line-chicago,http://www.yelp.com/biz/69th-red-line-chicago,3
CTA Garfield Green Line,cta-garfield-green-line-chicago,http://www.yelp.com/biz/cta-garfield-green-line-chicago,1
Budget Lodge,budget-lodge-alsip,http://www.yelp.com/biz/budget-lodge-alsip,2
Navajo Garden & Inn,navajo-garden-and-inn-chicago,http://www.yelp.com/biz/navajo-garden-and-inn-chicago,1
Highland Manor Motel,highland-manor-motel-lombard,http://www.yelp.com/biz/highland-manor-motel-lombard,1
Wyndham Garden Elk Grove Village,wyndham-garden-elk-grove-village-elk-grove-village,http://www.yelp.com/biz/wyndham-garden-elk-grove-village-elk-grove-village,1
Optima Sales Center,optima-sales-center-skokie,http://www.yelp.com/biz/optima-sales-center-skokie,1
America's Best Value Inn,americas-best-value-inn-marion-3,http://www.yelp.com/biz/americas-best-value-inn-marion-3,1
Illinois Medical District Blue Line Station,illinois-medical-district-blue-line-station-chicago,http://www.yelp.com/biz/illinois-medical-district-blue-line-station-chicago,1
Courtyard Chicago Glenview/Northbrook,courtyard-chicago-glenview-northbrook-glenview,http://www.yelp.com/biz/courtyard-chicago-glenview-northbrook-glenview,3
Austin CTA Blue Line Station,austin-cta-blue-line-station-chicago,http://www.yelp.com/biz/austin-cta-blue-line-station-chicago,1
Summit Executive Centre,summit-executive-centre-chicago,http://www.yelp.com/biz/summit-executive-centre-chicago,4
Riverside Metra Station,riverside-metra-station-riverside,http://www.yelp.com/biz/riverside-metra-station-riverside,2
EagleRider Motorcycle Rentals and Tours,eaglerider-motorcycle-rentals-and-tours-countryside,http://www.yelp.com/biz/eaglerider-motorcycle-rentals-and-tours-countryside,1
Nordic Hills,nordic-hills-itasca,http://www.yelp.com/biz/nordic-hills-itasca,1
The Flower Firm,the-flower-firm-chicago,http://www.yelp.com/biz/the-flower-firm-chicago,11
Divvy Station,divvy-station-chicago-6,http://www.yelp.com/biz/divvy-station-chicago-6,2
Chicago Ridge Train Station,chicago-ridge-train-station-chicago-ridge,http://www.yelp.com/biz/chicago-ridge-train-station-chicago-ridge,1
Irving Park CTA Blue Line Station,irving-park-cta-blue-line-station-chicago,http://www.yelp.com/biz/irving-park-cta-blue-line-station-chicago,4
Benedictine Bed and Breakfast,benedictine-bed-and-breakfast-chicago,http://www.yelp.com/biz/benedictine-bed-and-breakfast-chicago,1
La Quinta Inn Chicago Arlington Heights,la-quinta-inn-chicago-arlington-heights-arlington-heights,http://www.yelp.com/biz/la-quinta-inn-chicago-arlington-heights-arlington-heights,5
City Scene Bed & Breakfast,city-scene-bed-and-breakfast-chicago,http://www.yelp.com/biz/city-scene-bed-and-breakfast-chicago,1
A1 Luxury Limo Corp,a1-luxury-limo-corp-chicago,http://www.yelp.com/biz/a1-luxury-limo-corp-chicago,1
CTA Davis  - Purple Line,cta-davis-purple-line-evanston,http://www.yelp.com/biz/cta-davis-purple-line-evanston,3
North Shore Hotel,north-shore-hotel-evanston,http://www.yelp.com/biz/north-shore-hotel-evanston,3
Holiday Inn Express,holiday-inn-express-downers-grove,http://www.yelp.com/biz/holiday-inn-express-downers-grove,1
The BusBank,the-busbank-chicago-2,http://www.yelp.com/biz/the-busbank-chicago-2,1
Oakton-Skokie Yellow Line Station,oakton-skokie-yellow-line-station-skokie,http://www.yelp.com/biz/oakton-skokie-yellow-line-station-skokie,1
University Center Conference Chicago,university-center-conference-chicago-chicago-2,http://www.yelp.com/biz/university-center-conference-chicago-chicago-2,2
D-Lux Budget Inn,d-lux-budget-inn-lemont,http://www.yelp.com/biz/d-lux-budget-inn-lemont,1
Stay Inn,stay-inn-schaumburg,http://www.yelp.com/biz/stay-inn-schaumburg,5
Forest Glen Metra Station,forest-glen-metra-station-chicago,http://www.yelp.com/biz/forest-glen-metra-station-chicago,1
Alpine Banquets,alpine-banquets-darien,http://www.yelp.com/biz/alpine-banquets-darien,6
Astor Towers Condo Assn,astor-towers-condo-assn-chicago,http://www.yelp.com/biz/astor-towers-condo-assn-chicago,1
The Golf Course At the Glen,the-golf-course-at-the-glen-glenview,http://www.yelp.com/biz/the-golf-course-at-the-glen-glenview,2
Metropolis Ballroom,metropolis-ballroom-arlington-heights,http://www.yelp.com/biz/metropolis-ballroom-arlington-heights,13
Aqua At Lakshore East Condominium Association,aqua-at-lakshore-east-condominium-association-chicago,http://www.yelp.com/biz/aqua-at-lakshore-east-condominium-association-chicago,3
Belvedere Events & Banquets,belvedere-events-and-banquets-elk-grove-village,http://www.yelp.com/biz/belvedere-events-and-banquets-elk-grove-village,30
Janet's Place,janets-place-evanston,http://www.yelp.com/biz/janets-place-evanston,2
Margie Korshak,margie-korshak-chicago,http://www.yelp.com/biz/margie-korshak-chicago,1
Rosewood Restaurant,rosewood-restaurant-rosemont,http://www.yelp.com/biz/rosewood-restaurant-rosemont,81
Red Roof Inn,red-roof-inn-arlington-heights,http://www.yelp.com/biz/red-roof-inn-arlington-heights,2
Lansing Motel,lansing-motel-lansing,http://www.yelp.com/biz/lansing-motel-lansing,1
Metra Metropolitan Rail,metra-metropolitan-rail-park-ridge,http://www.yelp.com/biz/metra-metropolitan-rail-park-ridge,2
Prestige Wedding Decoration,prestige-wedding-decoration-arlington-heights,http://www.yelp.com/biz/prestige-wedding-decoration-arlington-heights,7
Stephanie Rogers Band,stephanie-rogers-band-chicago,http://www.yelp.com/biz/stephanie-rogers-band-chicago,1
Charlie Baggs- Inc,charlie-baggs-inc-chicago-2,http://www.yelp.com/biz/charlie-baggs-inc-chicago-2,1
Hammond Whitting Amtrak Station,hammond-whitting-amtrak-station-whiting,http://www.yelp.com/biz/hammond-whitting-amtrak-station-whiting,1
Western-North Currency Exchange Checkexpress,western-north-currency-exchange-checkexpress-chicago,http://www.yelp.com/biz/western-north-currency-exchange-checkexpress-chicago,2
Cta Dempster,cta-dempster-evanston,http://www.yelp.com/biz/cta-dempster-evanston,1
Best Western Northwest Indiana Inn,best-western-northwest-indiana-inn-hammond,http://www.yelp.com/biz/best-western-northwest-indiana-inn-hammond,2
Metra - Vermont Station - Blue Island,metra-vermont-station-blue-island-blue-island,http://www.yelp.com/biz/metra-vermont-station-blue-island-blue-island,1
Victoria,victoria-mount-prospect,http://www.yelp.com/biz/victoria-mount-prospect,18
Great Street,great-street-chicago,http://www.yelp.com/biz/great-street-chicago,3
Metra Train Station - Westmont,metra-train-station-westmont-westmont,http://www.yelp.com/biz/metra-train-station-westmont-westmont,2
Michigan Ave Tower,michigan-ave-tower-chicago,http://www.yelp.com/biz/michigan-ave-tower-chicago,1
Consulate General of Mexico,consulate-general-of-mexico-chicago,http://www.yelp.com/biz/consulate-general-of-mexico-chicago,2
Just Imagine Events,just-imagine-events-chicago,http://www.yelp.com/biz/just-imagine-events-chicago,1
Trump International,trump-international-chicago,http://www.yelp.com/biz/trump-international-chicago,1
Adler Planetarium,adler-planetarium-chicago,http://www.yelp.com/biz/adler-planetarium-chicago,273
All American Limousine,all-american-limousine-chicago-3,http://www.yelp.com/biz/all-american-limousine-chicago-3,6
PSAV,psav-schaumburg,http://www.yelp.com/biz/psav-schaumburg,2
Dinolfos Banquets of Homer Glen,dinolfos-banquets-of-homer-glen-homer-glen-3,http://www.yelp.com/biz/dinolfos-banquets-of-homer-glen-homer-glen-3,12
Elmhurst Metra Station,elmhurst-metra-station-elmhurst,http://www.yelp.com/biz/elmhurst-metra-station-elmhurst,2
Lutheran School of Theology,lutheran-school-of-theology-chicago,http://www.yelp.com/biz/lutheran-school-of-theology-chicago,2
Prelude Entertainment,prelude-entertainment-skokie,http://www.yelp.com/biz/prelude-entertainment-skokie,2
Qatar Airways,qatar-airways-chicago,http://www.yelp.com/biz/qatar-airways-chicago,2
Amtrak,amtrak-glenview,http://www.yelp.com/biz/amtrak-glenview,5
Metra Metropolitan Rail,metra-metropolitan-rail-evanston-2,http://www.yelp.com/biz/metra-metropolitan-rail-evanston-2,1
Swissport USA Inc,swissport-usa-inc-chicago,http://www.yelp.com/biz/swissport-usa-inc-chicago,1
City Cycle Chicago Inc,city-cycle-chicago-inc-park-ridge-3,http://www.yelp.com/biz/city-cycle-chicago-inc-park-ridge-3,1
Rand Manor Motel,rand-manor-motel-des-plaines,http://www.yelp.com/biz/rand-manor-motel-des-plaines,1
Avital Limousine,avital-limousine-addison,http://www.yelp.com/biz/avital-limousine-addison,13
Pioneer Motel,pioneer-motel-lansing,http://www.yelp.com/biz/pioneer-motel-lansing,4
Bob's Sunshine Inn,bobs-sunshine-inn-hammond,http://www.yelp.com/biz/bobs-sunshine-inn-hammond,1
Dee Road,dee-road-park-ridge,http://www.yelp.com/biz/dee-road-park-ridge,1
Way To Go Limousine- Inc.,way-to-go-limousine-inc-palatine,http://www.yelp.com/biz/way-to-go-limousine-inc-palatine,8
Eved Services,eved-services-skokie-2,http://www.yelp.com/biz/eved-services-skokie-2,1
Consulate General of Spain,consulate-general-of-spain-chicago,http://www.yelp.com/biz/consulate-general-of-spain-chicago,2
Consulate General of Italy,consulate-general-of-italy-chicago,http://www.yelp.com/biz/consulate-general-of-italy-chicago,1
NICTD South Shore - East Chicago Station,nictd-south-shore-east-chicago-station-east-chicago,http://www.yelp.com/biz/nictd-south-shore-east-chicago-station-east-chicago,1
Maharishi Royal Residences,maharishi-royal-residences-chicago,http://www.yelp.com/biz/maharishi-royal-residences-chicago,1
Patty Michels Photography,patty-michels-photography-chicago,http://www.yelp.com/biz/patty-michels-photography-chicago,2
Metra Train Station - Downers Grove- Main Street,metra-train-station-downers-grove-main-street-downers-grove,http://www.yelp.com/biz/metra-train-station-downers-grove-main-street-downers-grove,1
Downers Grove Station,downers-grove-station-downers-grove,http://www.yelp.com/biz/downers-grove-station-downers-grove,1
C & A News,c-and-a-news-chicago,http://www.yelp.com/biz/c-and-a-news-chicago,4
Metra - Oak Forest Station,metra-oak-forest-station-oak-forest,http://www.yelp.com/biz/metra-oak-forest-station-oak-forest,1
Edd Fairman Wizard of Sorts,edd-fairman-wizard-of-sorts-chicago,http://www.yelp.com/biz/edd-fairman-wizard-of-sorts-chicago,1
NorthShore Travel Center,northshore-travel-center-glenview,http://www.yelp.com/biz/northshore-travel-center-glenview,1
Astoria Exquisite Banquets,astoria-exquisite-banquets-buffalo-grove-2,http://www.yelp.com/biz/astoria-exquisite-banquets-buffalo-grove-2,11
Five Star Limo & Taxi Dispatch,five-star-limo-and-taxi-dispatch-tinley-park,http://www.yelp.com/biz/five-star-limo-and-taxi-dispatch-tinley-park,2
Embassy Suites Hotel,embassy-suites-hotel-schaumburg,http://www.yelp.com/biz/embassy-suites-hotel-schaumburg,1
The Cotillion Banquets,the-cotillion-banquets-palatine,http://www.yelp.com/biz/the-cotillion-banquets-palatine,20
Metra Train Station - Belmont,metra-train-station-belmont-downers-grove,http://www.yelp.com/biz/metra-train-station-belmont-downers-grove,3
First Midwest Bank Ampitheater,first-midwest-bank-ampitheater-tinley-park,http://www.yelp.com/biz/first-midwest-bank-ampitheater-tinley-park,40
Smarty Pants,smarty-pants-chicago,http://www.yelp.com/biz/smarty-pants-chicago,12
The Silversmith,the-silversmith-chicago,http://www.yelp.com/biz/the-silversmith-chicago,2
Our Lady of Hope Church,our-lady-of-hope-church-rosemont,http://www.yelp.com/biz/our-lady-of-hope-church-rosemont,1
Metra Medinah Station,metra-medinah-station-dupage-county,http://www.yelp.com/biz/metra-medinah-station-dupage-county,1
Celebrate Your Life CHICAGO,celebrate-your-life-chicago-chicago,http://www.yelp.com/biz/celebrate-your-life-chicago-chicago,1
Acme Lock Company,acme-lock-company-oak-brook,http://www.yelp.com/biz/acme-lock-company-oak-brook,1
Wyndham Garden Hotel,wyndham-garden-hotel-wood-dale,http://www.yelp.com/biz/wyndham-garden-hotel-wood-dale,1
Metra Palatine Station,metra-palatine-station-palatine,http://www.yelp.com/biz/metra-palatine-station-palatine,9
Odyssey Country Club,odyssey-country-club-tinley-park,http://www.yelp.com/biz/odyssey-country-club-tinley-park,18
Southtown Limousine Inc,southtown-limousine-inc-homer-glen,http://www.yelp.com/biz/southtown-limousine-inc-homer-glen,1
Sunrise Assisted Living of Willowbrook,sunrise-assisted-living-of-willowbrook-willowbrook,http://www.yelp.com/biz/sunrise-assisted-living-of-willowbrook-willowbrook,1
Viking Travel Services,viking-travel-services-westmont,http://www.yelp.com/biz/viking-travel-services-westmont,3
Royalty Lifestyles Limousines,royalty-lifestyles-limousines-chicago,http://www.yelp.com/biz/royalty-lifestyles-limousines-chicago,9
South Shore Miller Station NICTD,south-shore-miller-station-nictd-gary,http://www.yelp.com/biz/south-shore-miller-station-nictd-gary,1
