Alinea,alinea-chicago,http://www.yelp.com/biz/alinea-chicago,1141
Girl & the Goat,girl-and-the-goat-chicago,http://www.yelp.com/biz/girl-and-the-goat-chicago,2963
Avec,avec-chicago,http://www.yelp.com/biz/avec-chicago,1243
La Scarola,la-scarola-chicago,http://www.yelp.com/biz/la-scarola-chicago,652
Go 4 Food,go-4-food-chicago,http://www.yelp.com/biz/go-4-food-chicago,394
Sapori Trattoria,sapori-trattoria-chicago,http://www.yelp.com/biz/sapori-trattoria-chicago,1004
Frontera Grill,frontera-grill-chicago,http://www.yelp.com/biz/frontera-grill-chicago,1335
Blackbird,blackbird-chicago,http://www.yelp.com/biz/blackbird-chicago,860
RPM Italian,rpm-italian-chicago,http://www.yelp.com/biz/rpm-italian-chicago,1016
Quartino,quartino-chicago,http://www.yelp.com/biz/quartino-chicago,2171
Greek Islands Restaurant,greek-islands-restaurant-chicago,http://www.yelp.com/biz/greek-islands-restaurant-chicago,892
Boka,boka-chicago,http://www.yelp.com/biz/boka-chicago,617
Mercat a la Planxa,mercat-a-la-planxa-chicago,http://www.yelp.com/biz/mercat-a-la-planxa-chicago,936
Prosecco,prosecco-chicago,http://www.yelp.com/biz/prosecco-chicago,440
The Purple Pig,the-purple-pig-chicago,http://www.yelp.com/biz/the-purple-pig-chicago,2403
MingHin Cuisine,minghin-cuisine-chicago-3,http://www.yelp.com/biz/minghin-cuisine-chicago-3,603
Tuscany Restaurant,tuscany-restaurant-chicago,http://www.yelp.com/biz/tuscany-restaurant-chicago,268
Sepia,sepia-chicago,http://www.yelp.com/biz/sepia-chicago,650
Lao Sze Chuan,lao-sze-chuan-chicago-2,http://www.yelp.com/biz/lao-sze-chuan-chicago-2,870
MK Restaurant,mk-restaurant-chicago,http://www.yelp.com/biz/mk-restaurant-chicago,615
Le Colonial,le-colonial-chicago,http://www.yelp.com/biz/le-colonial-chicago,703
Cafe Ba-Ba-Reeba,cafe-ba-ba-reeba-chicago,http://www.yelp.com/biz/cafe-ba-ba-reeba-chicago,1817
Catch 35,catch-35-chicago,http://www.yelp.com/biz/catch-35-chicago,423
EL Ideas,el-ideas-chicago-2,http://www.yelp.com/biz/el-ideas-chicago-2,152
Opart Thai House,opart-thai-house-chicago,http://www.yelp.com/biz/opart-thai-house-chicago,454
Jaipur,jaipur-chicago,http://www.yelp.com/biz/jaipur-chicago,317
Joe's Seafood- Prime Steak & Stone Crab,joes-seafood-prime-steak-and-stone-crab-chicago,http://www.yelp.com/biz/joes-seafood-prime-steak-and-stone-crab-chicago,1253
Francesca's On Taylor,francescas-on-taylor-chicago,http://www.yelp.com/biz/francescas-on-taylor-chicago,290
Davanti Enoteca,davanti-enoteca-chicago,http://www.yelp.com/biz/davanti-enoteca-chicago,805
Sunda,sunda-chicago,http://www.yelp.com/biz/sunda-chicago,1361
The Chicago Firehouse Restaurant,the-chicago-firehouse-restaurant-chicago,http://www.yelp.com/biz/the-chicago-firehouse-restaurant-chicago,351
Mercadito,mercadito-chicago,http://www.yelp.com/biz/mercadito-chicago,1125
Wildfire,wildfire-chicago,http://www.yelp.com/biz/wildfire-chicago,671
HB Restaurant,hb-restaurant-chicago,http://www.yelp.com/biz/hb-restaurant-chicago,684
Tru,tru-chicago,http://www.yelp.com/biz/tru-chicago,489
Carnivale,carnivale-chicago-2,http://www.yelp.com/biz/carnivale-chicago-2,1221
Bavette's Bar and Boeuf,bavettes-bar-and-boeuf-chicago,http://www.yelp.com/biz/bavettes-bar-and-boeuf-chicago,585
Henri,henri-chicago,http://www.yelp.com/biz/henri-chicago,258
The Publican,the-publican-chicago,http://www.yelp.com/biz/the-publican-chicago,1815
Grace Restaurant,grace-restaurant-chicago,http://www.yelp.com/biz/grace-restaurant-chicago,89
Viaggio Ristorante & Lounge,viaggio-ristorante-and-lounge-chicago,http://www.yelp.com/biz/viaggio-ristorante-and-lounge-chicago,337
Senza,senza-chicago,http://www.yelp.com/biz/senza-chicago,192
Restaurant Sarajevo,restaurant-sarajevo-chicago,http://www.yelp.com/biz/restaurant-sarajevo-chicago,195
The Chicago Diner,the-chicago-diner-chicago,http://www.yelp.com/biz/the-chicago-diner-chicago,1327
Noon O Kabab,noon-o-kabab-chicago,http://www.yelp.com/biz/noon-o-kabab-chicago,446
Bandera Restaurant,bandera-restaurant-chicago,http://www.yelp.com/biz/bandera-restaurant-chicago,906
Schwa,schwa-chicago,http://www.yelp.com/biz/schwa-chicago,374
Weber Grill Restaurant,weber-grill-restaurant-chicago,http://www.yelp.com/biz/weber-grill-restaurant-chicago,794
RL Restaurant,rl-restaurant-chicago,http://www.yelp.com/biz/rl-restaurant-chicago,401
Tanta,tanta-chicago,http://www.yelp.com/biz/tanta-chicago,207
Los Nopales,los-nopales-chicago,http://www.yelp.com/biz/los-nopales-chicago,430
Chilam Balam,chilam-balam-chicago-2,http://www.yelp.com/biz/chilam-balam-chicago-2,485
Café Iberico,café-iberico-chicago-3,http://www.yelp.com/biz/caf%C3%A9-iberico-chicago-3,1465
El Nuevo Mexicano Restaurant,el-nuevo-mexicano-restaurant-chicago,http://www.yelp.com/biz/el-nuevo-mexicano-restaurant-chicago,399
Chicago q,chicago-q-chicago,http://www.yelp.com/biz/chicago-q-chicago,941
Ruxbin,ruxbin-chicago,http://www.yelp.com/biz/ruxbin-chicago,557
Xoco,xoco-chicago,http://www.yelp.com/biz/xoco-chicago,2402
Cumin,cumin-chicago,http://www.yelp.com/biz/cumin-chicago,512
Goosefoot,goosefoot-chicago,http://www.yelp.com/biz/goosefoot-chicago,158
Rangoli,rangoli-chicago,http://www.yelp.com/biz/rangoli-chicago,225
RoSal's,rosals-chicago-3,http://www.yelp.com/biz/rosals-chicago-3,152
The Berghoff Restaurant,the-berghoff-restaurant-chicago,http://www.yelp.com/biz/the-berghoff-restaurant-chicago,396
Sticky Rice,sticky-rice-chicago,http://www.yelp.com/biz/sticky-rice-chicago,569
Michael Jordan's Steak House,michael-jordans-steak-house-chicago,http://www.yelp.com/biz/michael-jordans-steak-house-chicago,301
Staropolska Restaurant,staropolska-restaurant-chicago-3,http://www.yelp.com/biz/staropolska-restaurant-chicago-3,207
Trattoria No. 10,trattoria-no-10-chicago,http://www.yelp.com/biz/trattoria-no-10-chicago,307
Tandoor,tandoor-chicago,http://www.yelp.com/biz/tandoor-chicago,283
Acadia,acadia-chicago,http://www.yelp.com/biz/acadia-chicago,203
Bistro Campagne,bistro-campagne-chicago,http://www.yelp.com/biz/bistro-campagne-chicago,481
Markethouse,markethouse-chicago-2,http://www.yelp.com/biz/markethouse-chicago-2,227
Filippo's Ristorante,filippos-ristorante-chicago,http://www.yelp.com/biz/filippos-ristorante-chicago,252
Mana Food Bar,mana-food-bar-chicago,http://www.yelp.com/biz/mana-food-bar-chicago,682
Karyn's on Green,karyns-on-green-chicago,http://www.yelp.com/biz/karyns-on-green-chicago,497
Topo Gigio Ristorante,topo-gigio-ristorante-chicago,http://www.yelp.com/biz/topo-gigio-ristorante-chicago,469
Rose Angelis,rose-angelis-chicago,http://www.yelp.com/biz/rose-angelis-chicago,446
a tavola,a-tavola-chicago,http://www.yelp.com/biz/a-tavola-chicago,232
Simply It,simply-it-chicago,http://www.yelp.com/biz/simply-it-chicago,501
Siam Noodle and Rice,siam-noodle-and-rice-chicago,http://www.yelp.com/biz/siam-noodle-and-rice-chicago,256
Rosebud on Rush,rosebud-on-rush-chicago-2,http://www.yelp.com/biz/rosebud-on-rush-chicago-2,377
Volare,volare-chicago,http://www.yelp.com/biz/volare-chicago,793
Mexique,mexique-chicago,http://www.yelp.com/biz/mexique-chicago,447
Nuevo Leon Restaurant,nuevo-leon-restaurant-chicago,http://www.yelp.com/biz/nuevo-leon-restaurant-chicago,801
Ignotz Ristorante,ignotz-ristorante-chicago,http://www.yelp.com/biz/ignotz-ristorante-chicago,129
Tango Sur,tango-sur-chicago,http://www.yelp.com/biz/tango-sur-chicago,1399
Balena,balena-chicago,http://www.yelp.com/biz/balena-chicago,435
Buona Terra Ristorante,buona-terra-ristorante-chicago,http://www.yelp.com/biz/buona-terra-ristorante-chicago,460
TWO,two-chicago,http://www.yelp.com/biz/two-chicago,263
Kai Zan,kai-zan-chicago,http://www.yelp.com/biz/kai-zan-chicago,241
Birrieria Zaragoza,birrieria-zaragoza-chicago,http://www.yelp.com/biz/birrieria-zaragoza-chicago,179
La Ciudad,la-ciudad-chicago,http://www.yelp.com/biz/la-ciudad-chicago,313
Le Bouchon,le-bouchon-chicago,http://www.yelp.com/biz/le-bouchon-chicago,322
Embeya,embeya-chicago,http://www.yelp.com/biz/embeya-chicago,248
Gemini Bistro,gemini-bistro-chicago,http://www.yelp.com/biz/gemini-bistro-chicago,284
Sable,sable-chicago,http://www.yelp.com/biz/sable-chicago,798
Grand Lux Cafe,grand-lux-cafe-chicago,http://www.yelp.com/biz/grand-lux-cafe-chicago,1068
GT Fish & Oyster,gt-fish-and-oyster-chicago,http://www.yelp.com/biz/gt-fish-and-oyster-chicago,802
Yuzu Sushi & Robata Grill,yuzu-sushi-and-robata-grill-chicago,http://www.yelp.com/biz/yuzu-sushi-and-robata-grill-chicago,457
Cafe Bionda,cafe-bionda-chicago-6,http://www.yelp.com/biz/cafe-bionda-chicago-6,251
Chengdu Impression,chengdu-impression-chicago,http://www.yelp.com/biz/chengdu-impression-chicago,58
Nando Milano Trattoria,nando-milano-trattoria-chicago,http://www.yelp.com/biz/nando-milano-trattoria-chicago,161
Tank Noodle Restaurant,tank-noodle-restaurant-chicago,http://www.yelp.com/biz/tank-noodle-restaurant-chicago,1029
Isla Pilipina,isla-pilipina-chicago,http://www.yelp.com/biz/isla-pilipina-chicago,414
Table Fifty-Two,table-fifty-two-chicago,http://www.yelp.com/biz/table-fifty-two-chicago,545
Siena Tavern,siena-tavern-chicago,http://www.yelp.com/biz/siena-tavern-chicago,507
Butterfly Sushi Bar & Thai Cuisine,butterfly-sushi-bar-and-thai-cuisine-chicago-2,http://www.yelp.com/biz/butterfly-sushi-bar-and-thai-cuisine-chicago-2,678
The Gage,the-gage-chicago,http://www.yelp.com/biz/the-gage-chicago,1349
Cantina Laredo,cantina-laredo-chicago,http://www.yelp.com/biz/cantina-laredo-chicago,614
The Bristol,the-bristol-chicago,http://www.yelp.com/biz/the-bristol-chicago,750
Nana,nana-chicago,http://www.yelp.com/biz/nana-chicago,581
Irazu Costa Rican Restaurant & Catering,irazu-costa-rican-restaurant-and-catering-chicago,http://www.yelp.com/biz/irazu-costa-rican-restaurant-and-catering-chicago,1215
Troy Mediterranean Grill,troy-mediterranean-grill-chicago,http://www.yelp.com/biz/troy-mediterranean-grill-chicago,95
Bree Thai Restaurant,bree-thai-restaurant-chicago,http://www.yelp.com/biz/bree-thai-restaurant-chicago,95
Turquoise Cafe,turquoise-cafe-chicago,http://www.yelp.com/biz/turquoise-cafe-chicago,380
Hub 51,hub-51-chicago-2,http://www.yelp.com/biz/hub-51-chicago-2,1012
Sabri Nihari Restaurant,sabri-nihari-restaurant-chicago,http://www.yelp.com/biz/sabri-nihari-restaurant-chicago,350
Gyu-Kaku Japanese BBQ,gyu-kaku-japanese-bbq-chicago,http://www.yelp.com/biz/gyu-kaku-japanese-bbq-chicago,597
Sun Wah Bar-B-Que,sun-wah-bar-b-que-chicago-2,http://www.yelp.com/biz/sun-wah-bar-b-que-chicago-2,831
Nellcôte,nellcôte-chicago-2,http://www.yelp.com/biz/nellc%C3%B4te-chicago-2,493
Longman & Eagle,longman-and-eagle-chicago,http://www.yelp.com/biz/longman-and-eagle-chicago,1388
Sol de Mexico,sol-de-mexico-chicago,http://www.yelp.com/biz/sol-de-mexico-chicago,133
Sunshine Café,sunshine-café-chicago-2,http://www.yelp.com/biz/sunshine-caf%C3%A9-chicago-2,376
Riverside Family Restaurant,riverside-family-restaurant-riverside,http://www.yelp.com/biz/riverside-family-restaurant-riverside,58
Bacchanalia,bacchanalia-chicago,http://www.yelp.com/biz/bacchanalia-chicago,92
La Encantada,la-encantada-chicago,http://www.yelp.com/biz/la-encantada-chicago,129
Shaw's Crab House,shaws-crab-house-chicago,http://www.yelp.com/biz/shaws-crab-house-chicago,946
Coco Pazzo,coco-pazzo-chicago,http://www.yelp.com/biz/coco-pazzo-chicago,250
Perennial Virant,perennial-virant-chicago-3,http://www.yelp.com/biz/perennial-virant-chicago-3,312
Carmine's,carmines-chicago,http://www.yelp.com/biz/carmines-chicago,410
Ban Po Jung,ban-po-jung-chicago,http://www.yelp.com/biz/ban-po-jung-chicago,128
Sabatino's Restaurant & Lounge,sabatinos-restaurant-and-lounge-chicago,http://www.yelp.com/biz/sabatinos-restaurant-and-lounge-chicago,335
Da Rae Jung,da-rae-jung-chicago,http://www.yelp.com/biz/da-rae-jung-chicago,167
Gaetano's,gaetanos-forest-park-2,http://www.yelp.com/biz/gaetanos-forest-park-2,146
Chi Cafe,chi-cafe-chicago,http://www.yelp.com/biz/chi-cafe-chicago,471
Las Tablas Colombian Steakhouse,las-tablas-colombian-steakhouse-chicago,http://www.yelp.com/biz/las-tablas-colombian-steakhouse-chicago,564
Laschet's Inn,laschets-inn-chicago-2,http://www.yelp.com/biz/laschets-inn-chicago-2,282
Cho Sun Ok Restaurant,cho-sun-ok-restaurant-chicago,http://www.yelp.com/biz/cho-sun-ok-restaurant-chicago,542
Dawali Mediterranean Kitchen,dawali-mediterranean-kitchen-chicago-2,http://www.yelp.com/biz/dawali-mediterranean-kitchen-chicago-2,252
North Pond,north-pond-chicago,http://www.yelp.com/biz/north-pond-chicago,300
Bistronomic,bistronomic-chicago,http://www.yelp.com/biz/bistronomic-chicago,238
Ciao Amore Ristorante,ciao-amore-ristorante-chicago-3,http://www.yelp.com/biz/ciao-amore-ristorante-chicago-3,155
Ahjoomah's Apron,ahjoomahs-apron-chicago,http://www.yelp.com/biz/ahjoomahs-apron-chicago,114
Nico Osteria,nico-osteria-chicago,http://www.yelp.com/biz/nico-osteria-chicago,154
BellyQ,bellyq-chicago-2,http://www.yelp.com/biz/bellyq-chicago-2,386
Roy's,roys-chicago-3,http://www.yelp.com/biz/roys-chicago-3,588
Demera Ethiopian Restaurant,demera-ethiopian-restaurant-chicago-2,http://www.yelp.com/biz/demera-ethiopian-restaurant-chicago-2,572
Oliver's Cafe,olivers-cafe-chicago,http://www.yelp.com/biz/olivers-cafe-chicago,59
Big Bowl,big-bowl-chicago-2,http://www.yelp.com/biz/big-bowl-chicago-2,314
Nia,nia-chicago-2,http://www.yelp.com/biz/nia-chicago-2,221
Bistrot Zinc,bistrot-zinc-chicago,http://www.yelp.com/biz/bistrot-zinc-chicago,379
La Sirena Clandestina,la-sirena-clandestina-chicago,http://www.yelp.com/biz/la-sirena-clandestina-chicago,142
Tac Quick,tac-quick-chicago,http://www.yelp.com/biz/tac-quick-chicago,343
Browntrout,browntrout-chicago,http://www.yelp.com/biz/browntrout-chicago,274
Elizabeth Restaurant,elizabeth-restaurant-chicago,http://www.yelp.com/biz/elizabeth-restaurant-chicago,61
Briciola,briciola-chicago,http://www.yelp.com/biz/briciola-chicago,174
Dao Thai,dao-thai-chicago,http://www.yelp.com/biz/dao-thai-chicago,302
Farmhouse,farmhouse-chicago-3,http://www.yelp.com/biz/farmhouse-chicago-3,621
Zia's Lago Vista,zias-lago-vista-chicago,http://www.yelp.com/biz/zias-lago-vista-chicago,86
Zapatista,zapatista-chicago,http://www.yelp.com/biz/zapatista-chicago,673
Rustic House,rustic-house-chicago,http://www.yelp.com/biz/rustic-house-chicago,163
Viaggio At the Park,viaggio-at-the-park-chicago,http://www.yelp.com/biz/viaggio-at-the-park-chicago,82
Vincent,vincent-chicago,http://www.yelp.com/biz/vincent-chicago,303
Great Sea Chinese Restaurant,great-sea-chinese-restaurant-chicago,http://www.yelp.com/biz/great-sea-chinese-restaurant-chicago,416
Ay Ay Picante Peruvian Cuisine,ay-ay-picante-peruvian-cuisine-chicago,http://www.yelp.com/biz/ay-ay-picante-peruvian-cuisine-chicago,327
Mike Ditkas,mike-ditkas-chicago-2,http://www.yelp.com/biz/mike-ditkas-chicago-2,390
Artopolis,artopolis-chicago,http://www.yelp.com/biz/artopolis-chicago,479
Lula Cafe,lula-cafe-chicago-3,http://www.yelp.com/biz/lula-cafe-chicago-3,1162
The Rosebud,the-rosebud-chicago,http://www.yelp.com/biz/the-rosebud-chicago,308
Beatrix,beatrix-chicago,http://www.yelp.com/biz/beatrix-chicago,248
Golden Bull Restaurant,golden-bull-restaurant-chicago,http://www.yelp.com/biz/golden-bull-restaurant-chicago,65
RJ Grunts,rj-grunts-chicago,http://www.yelp.com/biz/rj-grunts-chicago,504
Roka Akor,roka-akor-chicago,http://www.yelp.com/biz/roka-akor-chicago,401
Ma & I,ma-and-i-chicago,http://www.yelp.com/biz/ma-and-i-chicago,215
Balsan,balsan-chicago,http://www.yelp.com/biz/balsan-chicago,163
Café des Architectes,café-des-architectes-chicago-2,http://www.yelp.com/biz/caf%C3%A9-des-architectes-chicago-2,246
Mon Ami Gabi,mon-ami-gabi-chicago,http://www.yelp.com/biz/mon-ami-gabi-chicago,405
Piccolo Sogno,piccolo-sogno-chicago,http://www.yelp.com/biz/piccolo-sogno-chicago,642
Quesadilla La Reyna del Sur,quesadilla-la-reyna-del-sur-chicago-2,http://www.yelp.com/biz/quesadilla-la-reyna-del-sur-chicago-2,200
Podhalanka,podhalanka-chicago,http://www.yelp.com/biz/podhalanka-chicago,218
San Soo Gab San,san-soo-gab-san-chicago,http://www.yelp.com/biz/san-soo-gab-san-chicago,806
Chez Joel Bistro,chez-joel-bistro-chicago-2,http://www.yelp.com/biz/chez-joel-bistro-chicago-2,216
Ada Street,ada-street-chicago,http://www.yelp.com/biz/ada-street-chicago,236
Shanghai Terrace at The Peninsula Chicago,shanghai-terrace-at-the-peninsula-chicago-chicago,http://www.yelp.com/biz/shanghai-terrace-at-the-peninsula-chicago-chicago,124
Mia Francesca,mia-francesca-chicago,http://www.yelp.com/biz/mia-francesca-chicago,478
Sola,sola-chicago,http://www.yelp.com/biz/sola-chicago,753
Yassa African Restaurant,yassa-african-restaurant-chicago,http://www.yelp.com/biz/yassa-african-restaurant-chicago,99
The Savoy,the-savoy-chicago,http://www.yelp.com/biz/the-savoy-chicago,245
Ben's Noodles and Rice,bens-noodles-and-rice-chicago,http://www.yelp.com/biz/bens-noodles-and-rice-chicago,238
Au Cheval,au-cheval-chicago,http://www.yelp.com/biz/au-cheval-chicago,1000
Zed451,zed451-chicago,http://www.yelp.com/biz/zed451-chicago,723
El Habanero,el-habanero-chicago,http://www.yelp.com/biz/el-habanero-chicago,43
Nightwood,nightwood-chicago,http://www.yelp.com/biz/nightwood-chicago,597
Trenchermen,trenchermen-chicago,http://www.yelp.com/biz/trenchermen-chicago,360
Cicchetti,cicchetti-chicago,http://www.yelp.com/biz/cicchetti-chicago,100
Vie,vie-western-springs,http://www.yelp.com/biz/vie-western-springs,181
Hugo's Frog Bar & Fish House,hugos-frog-bar-and-fish-house-chicago,http://www.yelp.com/biz/hugos-frog-bar-and-fish-house-chicago,547
Semiramis,semiramis-chicago,http://www.yelp.com/biz/semiramis-chicago,414
Epic,epic-chicago,http://www.yelp.com/biz/epic-chicago,429
Athenian Room,athenian-room-chicago,http://www.yelp.com/biz/athenian-room-chicago,402
Han 202,han-202-chicago,http://www.yelp.com/biz/han-202-chicago,205
Big Bowl,big-bowl-chicago,http://www.yelp.com/biz/big-bowl-chicago,377
Pho Tau Bay,pho-tau-bay-chicago,http://www.yelp.com/biz/pho-tau-bay-chicago,67
Aquitaine,aquitaine-chicago,http://www.yelp.com/biz/aquitaine-chicago,122
Wilde Bar & Restaurant,wilde-bar-and-restaurant-chicago,http://www.yelp.com/biz/wilde-bar-and-restaurant-chicago,686
Anna's Asian Bistro & Sushi Bar,annas-asian-bistro-and-sushi-bar-chicago,http://www.yelp.com/biz/annas-asian-bistro-and-sushi-bar-chicago,295
Macello,macello-chicago,http://www.yelp.com/biz/macello-chicago,152
New Rebozo,new-rebozo-oak-park,http://www.yelp.com/biz/new-rebozo-oak-park,302
Cucina Paradiso,cucina-paradiso-oak-park,http://www.yelp.com/biz/cucina-paradiso-oak-park,180
Gio's Cafe & Deli,gios-cafe-and-deli-chicago,http://www.yelp.com/biz/gios-cafe-and-deli-chicago,148
Hing Kee Phohung Restaurant,hing-kee-phohung-restaurant-chicago-2,http://www.yelp.com/biz/hing-kee-phohung-restaurant-chicago-2,175
Smak-Tak Restaurant,smak-tak-restaurant-chicago,http://www.yelp.com/biz/smak-tak-restaurant-chicago,124
Silom 12,silom-12-chicago,http://www.yelp.com/biz/silom-12-chicago,214
Royal Thai Restaurant,royal-thai-restaurant-chicago,http://www.yelp.com/biz/royal-thai-restaurant-chicago,189
Estrella Negra,estrella-negra-chicago,http://www.yelp.com/biz/estrella-negra-chicago,320
Den Den Restaurant,den-den-restaurant-chicago,http://www.yelp.com/biz/den-den-restaurant-chicago,39
Riccardo Trattoria,riccardo-trattoria-chicago-2,http://www.yelp.com/biz/riccardo-trattoria-chicago-2,212
Mindy's Hot Chocolate,mindys-hot-chocolate-chicago-2,http://www.yelp.com/biz/mindys-hot-chocolate-chicago-2,1393
Tarantino's,tarantinos-chicago,http://www.yelp.com/biz/tarantinos-chicago,103
Las Palmas,las-palmas-chicago,http://www.yelp.com/biz/las-palmas-chicago,464
Mity Nice Bar & Grill,mity-nice-bar-and-grill-chicago,http://www.yelp.com/biz/mity-nice-bar-and-grill-chicago,208
Mixteco Grill,mixteco-grill-chicago,http://www.yelp.com/biz/mixteco-grill-chicago,541
Calo Ristorante,calo-ristorante-chicago,http://www.yelp.com/biz/calo-ristorante-chicago,562
Uru Swati,uru-swati-chicago,http://www.yelp.com/biz/uru-swati-chicago,268
Signature Room at the 95th,signature-room-at-the-95th-chicago,http://www.yelp.com/biz/signature-room-at-the-95th-chicago,653
The Boarding House,the-boarding-house-chicago,http://www.yelp.com/biz/the-boarding-house-chicago,299
The Portage,the-portage-chicago-2,http://www.yelp.com/biz/the-portage-chicago-2,256
Aroy Thai Restaurant,aroy-thai-restaurant-chicago,http://www.yelp.com/biz/aroy-thai-restaurant-chicago,243
Allium,allium-chicago,http://www.yelp.com/biz/allium-chicago,134
Crosby's Kitchen,crosbys-kitchen-chicago,http://www.yelp.com/biz/crosbys-kitchen-chicago,207
Sala Bua,sala-bua-chicago,http://www.yelp.com/biz/sala-bua-chicago,47
Little Goat Diner,little-goat-diner-chicago-2,http://www.yelp.com/biz/little-goat-diner-chicago-2,1172
Tufano's Vernon Park  Tap,tufanos-vernon-park-tap-chicago,http://www.yelp.com/biz/tufanos-vernon-park-tap-chicago,228
Spiaggia Restaurant,spiaggia-restaurant-chicago,http://www.yelp.com/biz/spiaggia-restaurant-chicago,289
Renga Tei,renga-tei-lincolnwood,http://www.yelp.com/biz/renga-tei-lincolnwood,211
Caravan,caravan-chicago,http://www.yelp.com/biz/caravan-chicago,80
Old Jerusalem,old-jerusalem-chicago,http://www.yelp.com/biz/old-jerusalem-chicago,207
Rickshaw Republic,rickshaw-republic-chicago,http://www.yelp.com/biz/rickshaw-republic-chicago,122
Maya Del Sol,maya-del-sol-oak-park,http://www.yelp.com/biz/maya-del-sol-oak-park,446
Everest,everest-chicago,http://www.yelp.com/biz/everest-chicago,185
Pasta Palazzo,pasta-palazzo-chicago,http://www.yelp.com/biz/pasta-palazzo-chicago,327
Hoanh Long,hoanh-long-chicago,http://www.yelp.com/biz/hoanh-long-chicago,201
Fiorentino's Cucina Italiana,fiorentinos-cucina-italiana-chicago-2,http://www.yelp.com/biz/fiorentinos-cucina-italiana-chicago-2,202
The Sit Down Cafe & Sushi Bar,the-sit-down-cafe-and-sushi-bar-chicago,http://www.yelp.com/biz/the-sit-down-cafe-and-sushi-bar-chicago,204
The Italian Village Restaurants,the-italian-village-restaurants-chicago,http://www.yelp.com/biz/the-italian-village-restaurants-chicago,434
Tapas Valencia,tapas-valencia-chicago,http://www.yelp.com/biz/tapas-valencia-chicago,309
Triple Crown Restaurant,triple-crown-restaurant-chicago,http://www.yelp.com/biz/triple-crown-restaurant-chicago,295
Autre Monde Café,autre-monde-café-berwyn-2,http://www.yelp.com/biz/autre-monde-caf%C3%A9-berwyn-2,146
Gilt Bar,gilt-bar-chicago,http://www.yelp.com/biz/gilt-bar-chicago,887
Chi Tung,chi-tung-evergreen-park,http://www.yelp.com/biz/chi-tung-evergreen-park,361
Wood,wood-chicago,http://www.yelp.com/biz/wood-chicago,198
Green Zebra,green-zebra-chicago,http://www.yelp.com/biz/green-zebra-chicago,773
Shokran Moroccan Restaurant,shokran-moroccan-restaurant-chicago,http://www.yelp.com/biz/shokran-moroccan-restaurant-chicago,225
Rajun Cajun,rajun-cajun-chicago,http://www.yelp.com/biz/rajun-cajun-chicago,200
Yes Thai,yes-thai-chicago,http://www.yelp.com/biz/yes-thai-chicago,212
Carriage House,carriage-house-chicago,http://www.yelp.com/biz/carriage-house-chicago,332
Taxim,taxim-chicago,http://www.yelp.com/biz/taxim-chicago,261
Habana Libre,habana-libre-chicago,http://www.yelp.com/biz/habana-libre-chicago,341
Bistrot Margot,bistrot-margot-chicago,http://www.yelp.com/biz/bistrot-margot-chicago,396
Little Bucharest Bistro,little-bucharest-bistro-chicago,http://www.yelp.com/biz/little-bucharest-bistro-chicago,244
Caro Mio,caro-mio-chicago,http://www.yelp.com/biz/caro-mio-chicago,394
A Plate on Southport,a-plate-on-southport-chicago-2,http://www.yelp.com/biz/a-plate-on-southport-chicago-2,56
Joy Yee's Noodle Shop,joy-yees-noodle-shop-chicago,http://www.yelp.com/biz/joy-yees-noodle-shop-chicago,805
Prasino,prasino-la-grange-2,http://www.yelp.com/biz/prasino-la-grange-2,326
Takashi,takashi-chicago,http://www.yelp.com/biz/takashi-chicago,627
Cai,cai-chicago,http://www.yelp.com/biz/cai-chicago,208
Angelina Ristorante,angelina-ristorante-chicago,http://www.yelp.com/biz/angelina-ristorante-chicago,403
El Faro Restaurant,el-faro-restaurant-chicago-2,http://www.yelp.com/biz/el-faro-restaurant-chicago-2,102
Soul Vegetarian East,soul-vegetarian-east-chicago,http://www.yelp.com/biz/soul-vegetarian-east-chicago,225
Nepal House,nepal-house-chicago-3,http://www.yelp.com/biz/nepal-house-chicago-3,81
Cozy Noodles & Rice,cozy-noodles-and-rice-chicago-2,http://www.yelp.com/biz/cozy-noodles-and-rice-chicago-2,665
Petterino's,petterinos-chicago,http://www.yelp.com/biz/petterinos-chicago,336
The Cheesecake Factory,the-cheesecake-factory-chicago,http://www.yelp.com/biz/the-cheesecake-factory-chicago,496
Nookies Edgewater,nookies-edgewater-chicago,http://www.yelp.com/biz/nookies-edgewater-chicago,248
Maude's Liquor Bar,maudes-liquor-bar-chicago,http://www.yelp.com/biz/maudes-liquor-bar-chicago,556
Kinmont,kinmont-chicago,http://www.yelp.com/biz/kinmont-chicago,102
Geja's Cafe,gejas-cafe-chicago,http://www.yelp.com/biz/gejas-cafe-chicago,874
Pump Room,pump-room-chicago,http://www.yelp.com/biz/pump-room-chicago,403
Tavernita,tavernita-chicago,http://www.yelp.com/biz/tavernita-chicago,359
Lao Hunan,lao-hunan-chicago,http://www.yelp.com/biz/lao-hunan-chicago,103
Tre Soldi,tre-soldi-chicago,http://www.yelp.com/biz/tre-soldi-chicago,77
Cafe El Tapatio,cafe-el-tapatio-chicago-4,http://www.yelp.com/biz/cafe-el-tapatio-chicago-4,392
Atwood,atwood-chicago,http://www.yelp.com/biz/atwood-chicago,361
Unite Urban Grill,unite-urban-grill-chicago,http://www.yelp.com/biz/unite-urban-grill-chicago,60
La Luce,la-luce-chicago,http://www.yelp.com/biz/la-luce-chicago,193
Jibek Jolu,jibek-jolu-chicago,http://www.yelp.com/biz/jibek-jolu-chicago,140
Katsu,katsu-chicago,http://www.yelp.com/biz/katsu-chicago,218
La Notte Cafe Ristorante Italiano,la-notte-cafe-ristorante-italiano-berwyn,http://www.yelp.com/biz/la-notte-cafe-ristorante-italiano-berwyn,79
Urban Vegan,urban-vegan-chicago-4,http://www.yelp.com/biz/urban-vegan-chicago-4,77
The Pasta Bowl,the-pasta-bowl-chicago,http://www.yelp.com/biz/the-pasta-bowl-chicago,454
Mythos Greek Taverna,mythos-greek-taverna-chicago,http://www.yelp.com/biz/mythos-greek-taverna-chicago,184
NoMI Kitchen,nomi-kitchen-chicago,http://www.yelp.com/biz/nomi-kitchen-chicago,443
Sze Chuan Cuisine,sze-chuan-cuisine-chicago,http://www.yelp.com/biz/sze-chuan-cuisine-chicago,28
Prasino,prasino-chicago,http://www.yelp.com/biz/prasino-chicago,470
Udupi Palace Restaurant,udupi-palace-restaurant-chicago,http://www.yelp.com/biz/udupi-palace-restaurant-chicago,221
Il Vicinato Ristorante,il-vicinato-ristorante-chicago,http://www.yelp.com/biz/il-vicinato-ristorante-chicago,58
Pancho Pistolas,pancho-pistolas-chicago,http://www.yelp.com/biz/pancho-pistolas-chicago,256
Amelia's Bar & Grill,amelias-bar-and-grill-chicago,http://www.yelp.com/biz/amelias-bar-and-grill-chicago,159
Friends Sushi,friends-sushi-chicago,http://www.yelp.com/biz/friends-sushi-chicago,615
Tamarind,tamarind-chicago,http://www.yelp.com/biz/tamarind-chicago,346
The Peasantry,the-peasantry-chicago,http://www.yelp.com/biz/the-peasantry-chicago,309
Mario's Table,marios-table-chicago,http://www.yelp.com/biz/marios-table-chicago,93
Kamehachi,kamehachi-chicago-8,http://www.yelp.com/biz/kamehachi-chicago-8,389
Aria,aria-chicago,http://www.yelp.com/biz/aria-chicago,240
Chez Moi,chez-moi-chicago,http://www.yelp.com/biz/chez-moi-chicago,133
A10 - Hyde Park,a10-hyde-park-chicago,http://www.yelp.com/biz/a10-hyde-park-chicago,110
Emperor's Choice Restaurant,emperors-choice-restaurant-chicago,http://www.yelp.com/biz/emperors-choice-restaurant-chicago,69
May St Café,may-st-café-chicago-2,http://www.yelp.com/biz/may-st-caf%C3%A9-chicago-2,122
La Parrilla Colombian Steakhouse,la-parrilla-colombian-steakhouse-chicago-2,http://www.yelp.com/biz/la-parrilla-colombian-steakhouse-chicago-2,67
DeCOLORES galeria y sabores,decolores-galeria-y-sabores-chicago,http://www.yelp.com/biz/decolores-galeria-y-sabores-chicago,211
Masa Azul,masa-azul-chicago,http://www.yelp.com/biz/masa-azul-chicago,148
Joy's Noodles & Rice,joys-noodles-and-rice-chicago,http://www.yelp.com/biz/joys-noodles-and-rice-chicago,621
Señor Pan,señor-pan-chicago-2,http://www.yelp.com/biz/se%C3%B1or-pan-chicago-2,182
Rice Bistro,rice-bistro-chicago,http://www.yelp.com/biz/rice-bistro-chicago,116
Frankie's Scaloppine,frankies-scaloppine-chicago-2,http://www.yelp.com/biz/frankies-scaloppine-chicago-2,129
Gibsons Bar & Steakhouse,gibsons-bar-and-steakhouse-chicago,http://www.yelp.com/biz/gibsons-bar-and-steakhouse-chicago,883
Park Grill,park-grill-chicago,http://www.yelp.com/biz/park-grill-chicago,375
La Plena Restaurant,la-plena-restaurant-chicago,http://www.yelp.com/biz/la-plena-restaurant-chicago,44
Crisp,crisp-chicago,http://www.yelp.com/biz/crisp-chicago,1454
Next,next-chicago-2,http://www.yelp.com/biz/next-chicago-2,412
Coco Pazzo Cafe,coco-pazzo-cafe-chicago,http://www.yelp.com/biz/coco-pazzo-cafe-chicago,222
The Drawing Room,the-drawing-room-chicago,http://www.yelp.com/biz/the-drawing-room-chicago,472
Frontera Fresco,frontera-fresco-chicago,http://www.yelp.com/biz/frontera-fresco-chicago,262
Blue Star Bistro & Wine Bar,blue-star-bistro-and-wine-bar-chicago,http://www.yelp.com/biz/blue-star-bistro-and-wine-bar-chicago,242
Jess Cafe,jess-cafe-chicago,http://www.yelp.com/biz/jess-cafe-chicago,184
Uni Sushi,uni-sushi-chicago,http://www.yelp.com/biz/uni-sushi-chicago,88
Sofi Restaurant,sofi-restaurant-chicago,http://www.yelp.com/biz/sofi-restaurant-chicago,48
Brasserie By LM,brasserie-by-lm-chicago,http://www.yelp.com/biz/brasserie-by-lm-chicago,138
Machu Picchu Restaurant,machu-picchu-restaurant-chicago,http://www.yelp.com/biz/machu-picchu-restaurant-chicago,273
Potsticker House,potsticker-house-chicago,http://www.yelp.com/biz/potsticker-house-chicago,231
Toro Sushi,toro-sushi-chicago-3,http://www.yelp.com/biz/toro-sushi-chicago-3,809
Inspiration Kitchens,inspiration-kitchens-chicago-4,http://www.yelp.com/biz/inspiration-kitchens-chicago-4,87
Slurping Turtle,slurping-turtle-chicago,http://www.yelp.com/biz/slurping-turtle-chicago,715
Russian Tea Time,russian-tea-time-chicago,http://www.yelp.com/biz/russian-tea-time-chicago,302
Al Bawadi Grill,al-bawadi-grill-bridgeview-2,http://www.yelp.com/biz/al-bawadi-grill-bridgeview-2,183
Pho's Hot & Spicy Thai Cuisine,phos-hot-and-spicy-thai-cuisine-chicago,http://www.yelp.com/biz/phos-hot-and-spicy-thai-cuisine-chicago,284
Rosded Restaurant,rosded-restaurant-chicago,http://www.yelp.com/biz/rosded-restaurant-chicago,146
Taste of Perú,taste-of-perú-chicago-2,http://www.yelp.com/biz/taste-of-per%C3%BA-chicago-2,318
Tavern At The Park,tavern-at-the-park-chicago,http://www.yelp.com/biz/tavern-at-the-park-chicago,355
Three Happiness Original Restaurant,three-happiness-original-restaurant-chicago,http://www.yelp.com/biz/three-happiness-original-restaurant-chicago,200
Emilio's Tapas Sol Y Nieve,emilios-tapas-sol-y-nieve-chicago,http://www.yelp.com/biz/emilios-tapas-sol-y-nieve-chicago,277
Il Vicolo Trattoria,il-vicolo-trattoria-oak-park,http://www.yelp.com/biz/il-vicolo-trattoria-oak-park,82
Lao You Ju,lao-you-ju-chicago,http://www.yelp.com/biz/lao-you-ju-chicago,130
Summer House,summer-house-chicago,http://www.yelp.com/biz/summer-house-chicago,228
Dine,dine-chicago,http://www.yelp.com/biz/dine-chicago,88
Gaylord India Restaurant,gaylord-india-restaurant-chicago-8,http://www.yelp.com/biz/gaylord-india-restaurant-chicago-8,210
Rock Bottom Restaurant & Brewery,rock-bottom-restaurant-and-brewery-chicago,http://www.yelp.com/biz/rock-bottom-restaurant-and-brewery-chicago,555
Hot Woks Cool Sushi,hot-woks-cool-sushi-chicago-2,http://www.yelp.com/biz/hot-woks-cool-sushi-chicago-2,307
La Villa Restaurant Pizzeria & Banquet,la-villa-restaurant-pizzeria-and-banquet-chicago,http://www.yelp.com/biz/la-villa-restaurant-pizzeria-and-banquet-chicago,248
Seoul Corea,seoul-corea-chicago,http://www.yelp.com/biz/seoul-corea-chicago,70
Grange Hall Burger Bar,grange-hall-burger-bar-chicago,http://www.yelp.com/biz/grange-hall-burger-bar-chicago,326
Native Foods Cafe,native-foods-cafe-chicago-2,http://www.yelp.com/biz/native-foods-cafe-chicago-2,303
O'Cha Thai Cuisine,o-cha-thai-cuisine-chicago,http://www.yelp.com/biz/o-cha-thai-cuisine-chicago,73
Café Orchid,café-orchid-chicago-2,http://www.yelp.com/biz/caf%C3%A9-orchid-chicago-2,285
Saigon Sisters,saigon-sisters-chicago-2,http://www.yelp.com/biz/saigon-sisters-chicago-2,258
La Cocina Boricua de la Familia Galarza,la-cocina-boricua-de-la-familia-galarza-chicago,http://www.yelp.com/biz/la-cocina-boricua-de-la-familia-galarza-chicago,152
Mariscos El Veneno,mariscos-el-veneno-chicago-2,http://www.yelp.com/biz/mariscos-el-veneno-chicago-2,288
Due Lire Vino & Cucina,due-lire-vino-and-cucina-chicago,http://www.yelp.com/biz/due-lire-vino-and-cucina-chicago,144
90 Miles Cuban Café,90-miles-cuban-café-chicago-5,http://www.yelp.com/biz/90-miles-cuban-caf%C3%A9-chicago-5,844
Union Sushi + Barbeque Bar,union-sushi-barbeque-bar-chicago,http://www.yelp.com/biz/union-sushi-barbeque-bar-chicago,489
Sen Sushi Bar,sen-sushi-bar-oak-park,http://www.yelp.com/biz/sen-sushi-bar-oak-park,249
Thalia Spice,thalia-spice-chicago-2,http://www.yelp.com/biz/thalia-spice-chicago-2,262
Mughal India,mughal-india-chicago,http://www.yelp.com/biz/mughal-india-chicago,81
Bodhi Thai Bistro,bodhi-thai-bistro-berwyn,http://www.yelp.com/biz/bodhi-thai-bistro-berwyn,136
Agami,agami-chicago,http://www.yelp.com/biz/agami-chicago,266
Kama Indian Bistro,kama-indian-bistro-la-grange-2,http://www.yelp.com/biz/kama-indian-bistro-la-grange-2,212
Tavern On Rush,tavern-on-rush-chicago,http://www.yelp.com/biz/tavern-on-rush-chicago,443
La Madia,la-madia-chicago,http://www.yelp.com/biz/la-madia-chicago,764
Graham Elliot Bistro,graham-elliot-bistro-chicago,http://www.yelp.com/biz/graham-elliot-bistro-chicago,237
Club Lago,club-lago-chicago,http://www.yelp.com/biz/club-lago-chicago,181
Maggiano's Little Italy,maggianos-little-italy-chicago,http://www.yelp.com/biz/maggianos-little-italy-chicago,362
Lee Wing Wah Restaurant,lee-wing-wah-restaurant-chicago,http://www.yelp.com/biz/lee-wing-wah-restaurant-chicago,127
Feast,feast-chicago,http://www.yelp.com/biz/feast-chicago,690
Cafe Caribe,cafe-caribe-cicero,http://www.yelp.com/biz/cafe-caribe-cicero,41
Piazza Bella,piazza-bella-chicago,http://www.yelp.com/biz/piazza-bella-chicago,220
Salam Restaurant,salam-restaurant-chicago,http://www.yelp.com/biz/salam-restaurant-chicago,294
Moon Palace Restaurant,moon-palace-restaurant-chicago,http://www.yelp.com/biz/moon-palace-restaurant-chicago,140
Shan Foods,shan-foods-chicago-2,http://www.yelp.com/biz/shan-foods-chicago-2,133
Panang,panang-chicago,http://www.yelp.com/biz/panang-chicago,232
SaiGon Pho & Cafe,saigon-pho-and-cafe-forest-park-2,http://www.yelp.com/biz/saigon-pho-and-cafe-forest-park-2,149
Enoteca Roma Ristorante,enoteca-roma-ristorante-chicago,http://www.yelp.com/biz/enoteca-roma-ristorante-chicago,306
Seasons 52,seasons-52-chicago,http://www.yelp.com/biz/seasons-52-chicago,69
Libertad,libertad-skokie,http://www.yelp.com/biz/libertad-skokie,230
Milt's BBQ for the Perplexed,milts-bbq-for-the-perplexed-chicago,http://www.yelp.com/biz/milts-bbq-for-the-perplexed-chicago,129
Mei's Corner,meis-corner-chicago,http://www.yelp.com/biz/meis-corner-chicago,29
Niu Japanese Fusion Lounge,niu-japanese-fusion-lounge-chicago,http://www.yelp.com/biz/niu-japanese-fusion-lounge-chicago,440
Eddie V's Prime Seafood,eddie-vs-prime-seafood-chicago,http://www.yelp.com/biz/eddie-vs-prime-seafood-chicago,56
Antico,antico-chicago,http://www.yelp.com/biz/antico-chicago,105
Coobah,coobah-chicago,http://www.yelp.com/biz/coobah-chicago,506
Rio's D'Sudamerica,rios-d-sudamerica-chicago,http://www.yelp.com/biz/rios-d-sudamerica-chicago,192
Vera,vera-chicago,http://www.yelp.com/biz/vera-chicago,161
Mediterranean Grill & Cuisine,mediterranean-grill-and-cuisine-chicago,http://www.yelp.com/biz/mediterranean-grill-and-cuisine-chicago,97
Pho 777,pho-777-chicago,http://www.yelp.com/biz/pho-777-chicago,343
South Water Kitchen,south-water-kitchen-chicago,http://www.yelp.com/biz/south-water-kitchen-chicago,281
El Nandu,el-nandu-chicago-2,http://www.yelp.com/biz/el-nandu-chicago-2,247
Munch,munch-oak-park-2,http://www.yelp.com/biz/munch-oak-park-2,154
Yoshi's Cafe,yoshis-cafe-chicago,http://www.yelp.com/biz/yoshis-cafe-chicago,222
Bread & Wine,bread-and-wine-chicago,http://www.yelp.com/biz/bread-and-wine-chicago,180
Big Jones,big-jones-chicago,http://www.yelp.com/biz/big-jones-chicago,842
Lawrence Fish Market,lawrence-fish-market-chicago,http://www.yelp.com/biz/lawrence-fish-market-chicago,389
Cafe Marbella,cafe-marbella-chicago,http://www.yelp.com/biz/cafe-marbella-chicago,156
Buena Vista,buena-vista-chicago,http://www.yelp.com/biz/buena-vista-chicago,171
Chicago Curry House,chicago-curry-house-chicago-3,http://www.yelp.com/biz/chicago-curry-house-chicago-3,285
Arun's Thai Restaurant,aruns-thai-restaurant-chicago,http://www.yelp.com/biz/aruns-thai-restaurant-chicago,162
The Capital Grille,the-capital-grille-chicago,http://www.yelp.com/biz/the-capital-grille-chicago,432
Panino's,paninos-chicago,http://www.yelp.com/biz/paninos-chicago,200
Chef Shangri-La,chef-shangri-la-north-riverside,http://www.yelp.com/biz/chef-shangri-la-north-riverside,145
Tortoise Club,tortoise-club-chicago-3,http://www.yelp.com/biz/tortoise-club-chicago-3,129
Bistro Dre,bistro-dre-chicago,http://www.yelp.com/biz/bistro-dre-chicago,165
Peaches & Pears,peaches-and-pears-chicago,http://www.yelp.com/biz/peaches-and-pears-chicago,42
Casbah Cafe,casbah-cafe-chicago,http://www.yelp.com/biz/casbah-cafe-chicago,138
Azteca de Oro Mexican Grill,azteca-de-oro-mexican-grill-chicago,http://www.yelp.com/biz/azteca-de-oro-mexican-grill-chicago,246
Devon Seafood Grill,devon-seafood-grill-chicago-2,http://www.yelp.com/biz/devon-seafood-grill-chicago-2,654
Pegasus Restaurant & Taverna,pegasus-restaurant-and-taverna-chicago,http://www.yelp.com/biz/pegasus-restaurant-and-taverna-chicago,257
Thai Spice Restaurant,thai-spice-restaurant-chicago,http://www.yelp.com/biz/thai-spice-restaurant-chicago,136
Osteria Via Stato,osteria-via-stato-chicago,http://www.yelp.com/biz/osteria-via-stato-chicago,452
Franco's Ristorante,francos-ristorante-chicago,http://www.yelp.com/biz/francos-ristorante-chicago,35
Taverna 750,taverna-750-chicago,http://www.yelp.com/biz/taverna-750-chicago,377
J Rocco Italian Table & Bar,j-rocco-italian-table-and-bar-chicago,http://www.yelp.com/biz/j-rocco-italian-table-and-bar-chicago,90
Batter & Berries,batter-and-berries-chicago,http://www.yelp.com/biz/batter-and-berries-chicago,520
Handlebar,handlebar-chicago,http://www.yelp.com/biz/handlebar-chicago,855
Tutto Italiano,tutto-italiano-chicago,http://www.yelp.com/biz/tutto-italiano-chicago,92
Andy's Thai Kitchen,andys-thai-kitchen-chicago-2,http://www.yelp.com/biz/andys-thai-kitchen-chicago-2,114
El Mariachi,el-mariachi-chicago-3,http://www.yelp.com/biz/el-mariachi-chicago-3,239
Wasabi,wasabi-chicago,http://www.yelp.com/biz/wasabi-chicago,495
Coast Sushi Bar,coast-sushi-bar-chicago,http://www.yelp.com/biz/coast-sushi-bar-chicago,846
Riva Navy Pier,riva-navy-pier-chicago,http://www.yelp.com/biz/riva-navy-pier-chicago,263
Chicago Kalbi,chicago-kalbi-chicago-2,http://www.yelp.com/biz/chicago-kalbi-chicago-2,157
Twin Anchors Restaurant & Tavern,twin-anchors-restaurant-and-tavern-chicago,http://www.yelp.com/biz/twin-anchors-restaurant-and-tavern-chicago,443
Garcia's Restaurant,garcias-restaurant-chicago,http://www.yelp.com/biz/garcias-restaurant-chicago,784
Francesca's Bryn Mawr,francescas-bryn-mawr-chicago-2,http://www.yelp.com/biz/francescas-bryn-mawr-chicago-2,193
Garifuna Flava,garifuna-flava-chicago,http://www.yelp.com/biz/garifuna-flava-chicago,103
Pasta D'Arte Trattoria Italiana,pasta-d-arte-trattoria-italiana-chicago-2,http://www.yelp.com/biz/pasta-d-arte-trattoria-italiana-chicago-2,109
The Loving Hut,the-loving-hut-chicago,http://www.yelp.com/biz/the-loving-hut-chicago,168
Moto,moto-chicago,http://www.yelp.com/biz/moto-chicago,396
Inspiration Kitchens,inspiration-kitchens-chicago-5,http://www.yelp.com/biz/inspiration-kitchens-chicago-5,311
Chicago Brauhaus,chicago-brauhaus-chicago,http://www.yelp.com/biz/chicago-brauhaus-chicago,428
Deleece,deleece-chicago,http://www.yelp.com/biz/deleece-chicago,461
Francesca's Forno,francescas-forno-chicago,http://www.yelp.com/biz/francescas-forno-chicago,529
Doostan Restaurant,doostan-restaurant-chicago,http://www.yelp.com/biz/doostan-restaurant-chicago,31
Ora,ora-chicago,http://www.yelp.com/biz/ora-chicago,212
Kurah Mediterranean Tapas,kurah-mediterranean-tapas-chicago-2,http://www.yelp.com/biz/kurah-mediterranean-tapas-chicago-2,80
Antica Pizzeria,antica-pizzeria-chicago,http://www.yelp.com/biz/antica-pizzeria-chicago,170
Wholly Frijoles,wholly-frijoles-lincolnwood,http://www.yelp.com/biz/wholly-frijoles-lincolnwood,296
Pizza Rustica,pizza-rustica-chicago-2,http://www.yelp.com/biz/pizza-rustica-chicago-2,414
Francesca's On Chestnut,francescas-on-chestnut-chicago,http://www.yelp.com/biz/francescas-on-chestnut-chicago,140
Rosebud Prime,rosebud-prime-chicago,http://www.yelp.com/biz/rosebud-prime-chicago,153
Amarind's,amarinds-chicago-2,http://www.yelp.com/biz/amarinds-chicago-2,77
La Esperanza Restaurant,la-esperanza-restaurant-chicago,http://www.yelp.com/biz/la-esperanza-restaurant-chicago,21
Afghan Kabob,afghan-kabob-chicago,http://www.yelp.com/biz/afghan-kabob-chicago,159
Reza's Restaurant,rezas-restaurant-chicago-2,http://www.yelp.com/biz/rezas-restaurant-chicago-2,341
Bar Toma,bar-toma-chicago,http://www.yelp.com/biz/bar-toma-chicago,321
Tozi Korean BBQ Restaurant,tozi-korean-bbq-restaurant-chicago,http://www.yelp.com/biz/tozi-korean-bbq-restaurant-chicago,147
Litehouse Whole Food Grill,litehouse-whole-food-grill-chicago,http://www.yelp.com/biz/litehouse-whole-food-grill-chicago,75
Grand Duke's Restaurant,grand-dukes-restaurant-summit,http://www.yelp.com/biz/grand-dukes-restaurant-summit,96
Wishbone Berwyn,wishbone-berwyn-berwyn,http://www.yelp.com/biz/wishbone-berwyn-berwyn,14
La Gondola,la-gondola-chicago,http://www.yelp.com/biz/la-gondola-chicago,531
Cedars Mediterranean Kitchen,cedars-mediterranean-kitchen-chicago,http://www.yelp.com/biz/cedars-mediterranean-kitchen-chicago,176
Filini,filini-chicago,http://www.yelp.com/biz/filini-chicago,93
Uncle Julio's Chicago,uncle-julios-chicago-chicago,http://www.yelp.com/biz/uncle-julios-chicago-chicago,802
Spacca Napoli,spacca-napoli-chicago,http://www.yelp.com/biz/spacca-napoli-chicago,814
Trattoria Trullo,trattoria-trullo-chicago,http://www.yelp.com/biz/trattoria-trullo-chicago,231
The Local Chicago,the-local-chicago-chicago,http://www.yelp.com/biz/the-local-chicago-chicago,112
Mart Anthony's Italian Restaurant,mart-anthonys-italian-restaurant-chicago,http://www.yelp.com/biz/mart-anthonys-italian-restaurant-chicago,148
Little Market Brasserie,little-market-brasserie-chicago,http://www.yelp.com/biz/little-market-brasserie-chicago,123
Chicago Pizza Tours,chicago-pizza-tours-chicago,http://www.yelp.com/biz/chicago-pizza-tours-chicago,96
Enso Sushi & Bar,enso-sushi-and-bar-chicago-2,http://www.yelp.com/biz/enso-sushi-and-bar-chicago-2,146
Dib,dib-chicago,http://www.yelp.com/biz/dib-chicago,225
Star of Siam,star-of-siam-chicago,http://www.yelp.com/biz/star-of-siam-chicago,531
Medici On 57th,medici-on-57th-chicago,http://www.yelp.com/biz/medici-on-57th-chicago,467
TAVA Restaurant & Bar,tava-restaurant-and-bar-morton-grove-2,http://www.yelp.com/biz/tava-restaurant-and-bar-morton-grove-2,178
Dusek's,duseks-chicago,http://www.yelp.com/biz/duseks-chicago,185
La Sierra Restaurant,la-sierra-restaurant-chicago,http://www.yelp.com/biz/la-sierra-restaurant-chicago,103
Eyrie,eyrie-oak-park-2,http://www.yelp.com/biz/eyrie-oak-park-2,18
Little Vietnam,little-vietnam-chicago,http://www.yelp.com/biz/little-vietnam-chicago,28
Umai,umai-chicago,http://www.yelp.com/biz/umai-chicago,133
Les Nomades,les-nomades-chicago,http://www.yelp.com/biz/les-nomades-chicago,155
Quay,quay-chicago,http://www.yelp.com/biz/quay-chicago,178
Pars Cove Restaurant,pars-cove-restaurant-chicago,http://www.yelp.com/biz/pars-cove-restaurant-chicago,278
De Cero Taqueria,de-cero-taqueria-chicago,http://www.yelp.com/biz/de-cero-taqueria-chicago,701
Vapiano,vapiano-chicago,http://www.yelp.com/biz/vapiano-chicago,212
Chant,chant-chicago,http://www.yelp.com/biz/chant-chicago,183
Shiso,shiso-chicago,http://www.yelp.com/biz/shiso-chicago,186
Fork,fork-chicago-2,http://www.yelp.com/biz/fork-chicago-2,546
Pho 55,pho-55-chicago,http://www.yelp.com/biz/pho-55-chicago,28
Magnolia Cafe,magnolia-cafe-chicago,http://www.yelp.com/biz/magnolia-cafe-chicago,291
Table- Donkey and Stick,table-donkey-and-stick-chicago,http://www.yelp.com/biz/table-donkey-and-stick-chicago,120
Del Frisco's Double Eagle Steak House,del-friscos-double-eagle-steak-house-chicago,http://www.yelp.com/biz/del-friscos-double-eagle-steak-house-chicago,171
Seven Treasures Cantonese Cuisine,seven-treasures-cantonese-cuisine-chicago,http://www.yelp.com/biz/seven-treasures-cantonese-cuisine-chicago,172
Heaven on Seven on Rush,heaven-on-seven-on-rush-chicago,http://www.yelp.com/biz/heaven-on-seven-on-rush-chicago,423
Lao Sze Chuan,lao-sze-chuan-chicago-3,http://www.yelp.com/biz/lao-sze-chuan-chicago-3,169
The Refinery,the-refinery-chicago,http://www.yelp.com/biz/the-refinery-chicago,73
Eduardo's Enoteca,eduardos-enoteca-chicago,http://www.yelp.com/biz/eduardos-enoteca-chicago,121
Adobo Grill,adobo-grill-chicago-2,http://www.yelp.com/biz/adobo-grill-chicago-2,532
En Hakkore,en-hakkore-chicago-2,http://www.yelp.com/biz/en-hakkore-chicago-2,228
El Barco,el-barco-chicago,http://www.yelp.com/biz/el-barco-chicago,492
Oysy Sushi,oysy-sushi-chicago,http://www.yelp.com/biz/oysy-sushi-chicago,378
Siam Rice,siam-rice-chicago,http://www.yelp.com/biz/siam-rice-chicago,327
Osteria De Pizza Metro,osteria-de-pizza-metro-chicago,http://www.yelp.com/biz/osteria-de-pizza-metro-chicago,74
Birchwood Kitchen,birchwood-kitchen-chicago,http://www.yelp.com/biz/birchwood-kitchen-chicago,680
iNG Restaurant,ing-restaurant-chicago,http://www.yelp.com/biz/ing-restaurant-chicago,236
Zizi's Cafe,zizis-cafe-chicago,http://www.yelp.com/biz/zizis-cafe-chicago,237
Cemitas Puebla,cemitas-puebla-chicago-2,http://www.yelp.com/biz/cemitas-puebla-chicago-2,721
Ma Gong La Po,ma-gong-la-po-chicago,http://www.yelp.com/biz/ma-gong-la-po-chicago,17
Angel's,angels-chicago,http://www.yelp.com/biz/angels-chicago,156
P F Chang's China Bistro,p-f-changs-china-bistro-chicago,http://www.yelp.com/biz/p-f-changs-china-bistro-chicago,269
Yummy Yummy Asian Cuisine,yummy-yummy-asian-cuisine-chicago,http://www.yelp.com/biz/yummy-yummy-asian-cuisine-chicago,349
Indie Cafe Thai & Sushi,indie-cafe-thai-and-sushi-chicago,http://www.yelp.com/biz/indie-cafe-thai-and-sushi-chicago,521
Yusho,yusho-chicago,http://www.yelp.com/biz/yusho-chicago,270
Pasteur,pasteur-chicago,http://www.yelp.com/biz/pasteur-chicago,145
Sushi X,sushi-x-chicago,http://www.yelp.com/biz/sushi-x-chicago,345
The Parthenon,the-parthenon-chicago,http://www.yelp.com/biz/the-parthenon-chicago,328
Kinzie Chop House,kinzie-chop-house-chicago,http://www.yelp.com/biz/kinzie-chop-house-chicago,429
Seadog Sushi Bar,seadog-sushi-bar-chicago,http://www.yelp.com/biz/seadog-sushi-bar-chicago,299
Noodles In the Pot,noodles-in-the-pot-chicago,http://www.yelp.com/biz/noodles-in-the-pot-chicago,381
Jitlada Thai House,jitlada-thai-house-chicago-4,http://www.yelp.com/biz/jitlada-thai-house-chicago-4,173
The Snail Thai Cuisine,the-snail-thai-cuisine-chicago,http://www.yelp.com/biz/the-snail-thai-cuisine-chicago,123
Mom's Old Recipe Mexican Restaurant,moms-old-recipe-mexican-restaurant-chicago,http://www.yelp.com/biz/moms-old-recipe-mexican-restaurant-chicago,98
Ken Kee Restaurant,ken-kee-restaurant-chicago,http://www.yelp.com/biz/ken-kee-restaurant-chicago,268
Folklore Argentine Grill,folklore-argentine-grill-chicago,http://www.yelp.com/biz/folklore-argentine-grill-chicago,325
Bin 36,bin-36-chicago,http://www.yelp.com/biz/bin-36-chicago,517
The Metropolitan Club,the-metropolitan-club-chicago,http://www.yelp.com/biz/the-metropolitan-club-chicago,76
Heaven on Seven Wabash,heaven-on-seven-wabash-chicago,http://www.yelp.com/biz/heaven-on-seven-wabash-chicago,190
Umi,umi-chicago,http://www.yelp.com/biz/umi-chicago,177
Gather,gather-chicago,http://www.yelp.com/biz/gather-chicago,157
New Rebozo Chicago,new-rebozo-chicago-chicago,http://www.yelp.com/biz/new-rebozo-chicago-chicago,73
RA Sushi Bar Restaurant,ra-sushi-bar-restaurant-chicago-2,http://www.yelp.com/biz/ra-sushi-bar-restaurant-chicago-2,409
Jack's on Halsted,jacks-on-halsted-chicago,http://www.yelp.com/biz/jacks-on-halsted-chicago,213
Erie Cafe,erie-cafe-chicago-2,http://www.yelp.com/biz/erie-cafe-chicago-2,165
Taj Mahal,taj-mahal-chicago-2,http://www.yelp.com/biz/taj-mahal-chicago-2,145
Couscous Restaurant,couscous-restaurant-chicago,http://www.yelp.com/biz/couscous-restaurant-chicago,115
Chara,chara-oak-park,http://www.yelp.com/biz/chara-oak-park,22
Sweet Station,sweet-station-chicago,http://www.yelp.com/biz/sweet-station-chicago,160
Taqueria Tayahua,taqueria-tayahua-chicago,http://www.yelp.com/biz/taqueria-tayahua-chicago,12
L2O,l2o-chicago,http://www.yelp.com/biz/l2o-chicago,321
Fat Rice,fat-rice-chicago,http://www.yelp.com/biz/fat-rice-chicago,222
The Blue Agave Tequila Bar & Restaurant,the-blue-agave-tequila-bar-and-restaurant-chicago,http://www.yelp.com/biz/the-blue-agave-tequila-bar-and-restaurant-chicago,352
Mirabell Restaurant & Lounge,mirabell-restaurant-and-lounge-chicago,http://www.yelp.com/biz/mirabell-restaurant-and-lounge-chicago,128
Del Seoul,del-seoul-chicago,http://www.yelp.com/biz/del-seoul-chicago,1061
Northern City,northern-city-chicago,http://www.yelp.com/biz/northern-city-chicago,30
Kabul House,kabul-house-skokie,http://www.yelp.com/biz/kabul-house-skokie,244
Bijan's Bistro,bijans-bistro-chicago,http://www.yelp.com/biz/bijans-bistro-chicago,346
Mia Figlia,mia-figlia-chicago-3,http://www.yelp.com/biz/mia-figlia-chicago-3,120
Basil Leaf Cafe,basil-leaf-cafe-chicago,http://www.yelp.com/biz/basil-leaf-cafe-chicago,225
Uncommon Ground,uncommon-ground-chicago-2,http://www.yelp.com/biz/uncommon-ground-chicago-2,517
Chicago Pizza And Oven Grinder Company,chicago-pizza-and-oven-grinder-company-chicago,http://www.yelp.com/biz/chicago-pizza-and-oven-grinder-company-chicago,849
Pho 888,pho-888-chicago,http://www.yelp.com/biz/pho-888-chicago,231
Bub City,bub-city-chicago,http://www.yelp.com/biz/bub-city-chicago,332
Ara On,ara-on-chicago-2,http://www.yelp.com/biz/ara-on-chicago-2,98
La Crêperie,la-crêperie-chicago-2,http://www.yelp.com/biz/la-cr%C3%AAperie-chicago-2,462
SUSHISAMBA,sushisamba-chicago-4,http://www.yelp.com/biz/sushisamba-chicago-4,800
Native Foods Cafe,native-foods-cafe-chicago,http://www.yelp.com/biz/native-foods-cafe-chicago,377
Thai Aree House,thai-aree-house-chicago,http://www.yelp.com/biz/thai-aree-house-chicago,95
Trattoria Ultimo,trattoria-ultimo-chicago,http://www.yelp.com/biz/trattoria-ultimo-chicago,49
El Milagro Tortilleria,el-milagro-tortilleria-chicago,http://www.yelp.com/biz/el-milagro-tortilleria-chicago,87
Davanti Enoteca River North,davanti-enoteca-river-north-chicago,http://www.yelp.com/biz/davanti-enoteca-river-north-chicago,94
Bar Ombra,bar-ombra-chicago,http://www.yelp.com/biz/bar-ombra-chicago,152
Le Petit Paris,le-petit-paris-chicago,http://www.yelp.com/biz/le-petit-paris-chicago,100
Midori Japanese Restaurant,midori-japanese-restaurant-chicago,http://www.yelp.com/biz/midori-japanese-restaurant-chicago,140
Chiu Quon Restaurant & Cafe,chiu-quon-restaurant-and-cafe-chicago,http://www.yelp.com/biz/chiu-quon-restaurant-and-cafe-chicago,9
Psistaria Greek Taverna,psistaria-greek-taverna-lincolnwood,http://www.yelp.com/biz/psistaria-greek-taverna-lincolnwood,131
Opart Thai House Restaurant,opart-thai-house-restaurant-chicago,http://www.yelp.com/biz/opart-thai-house-restaurant-chicago,519
Nuevo Leon Restaurant,nuevo-leon-restaurant-chicago-2,http://www.yelp.com/biz/nuevo-leon-restaurant-chicago-2,29
State and Lake Chicago Tavern,state-and-lake-chicago-tavern-chicago,http://www.yelp.com/biz/state-and-lake-chicago-tavern-chicago,253
La Taberna Tapas on Halsted,la-taberna-tapas-on-halsted-chicago,http://www.yelp.com/biz/la-taberna-tapas-on-halsted-chicago,166
Lao Shanghai,lao-shanghai-chicago,http://www.yelp.com/biz/lao-shanghai-chicago,200
Doc B's Fresh Kitchen,doc-bs-fresh-kitchen-chicago,http://www.yelp.com/biz/doc-bs-fresh-kitchen-chicago,90
Barba Yianni Grecian Taverna,barba-yianni-grecian-taverna-chicago,http://www.yelp.com/biz/barba-yianni-grecian-taverna-chicago,175
Zaytune,zaytune-chicago,http://www.yelp.com/biz/zaytune-chicago,215
La Cantina Grill,la-cantina-grill-chicago,http://www.yelp.com/biz/la-cantina-grill-chicago,227
Wing Hoe Restaurant,wing-hoe-restaurant-chicago,http://www.yelp.com/biz/wing-hoe-restaurant-chicago,142
Cafe Central,cafe-central-chicago,http://www.yelp.com/biz/cafe-central-chicago,138
Lao Yunnan,lao-yunnan-chicago,http://www.yelp.com/biz/lao-yunnan-chicago,37
Jane's,janes-chicago,http://www.yelp.com/biz/janes-chicago,397
D'Noche,d-noche-chicago,http://www.yelp.com/biz/d-noche-chicago,145
Bella Notte Restaurant,bella-notte-restaurant-chicago,http://www.yelp.com/biz/bella-notte-restaurant-chicago,199
Won Kow Restaurant,won-kow-restaurant-chicago,http://www.yelp.com/biz/won-kow-restaurant-chicago,128
Paprika,paprika-chicago,http://www.yelp.com/biz/paprika-chicago,179
La Oaxaqueña,la-oaxaqueña-chicago-4,http://www.yelp.com/biz/la-oaxaque%C3%B1a-chicago-4,109
Red Door,red-door-chicago,http://www.yelp.com/biz/red-door-chicago,208
Los Corrales,los-corrales-chicago,http://www.yelp.com/biz/los-corrales-chicago,15
Smoque BBQ,smoque-bbq-chicago,http://www.yelp.com/biz/smoque-bbq-chicago,2549
Pho Lily,pho-lily-chicago,http://www.yelp.com/biz/pho-lily-chicago,124
Masouleh Restaurant,masouleh-restaurant-chicago,http://www.yelp.com/biz/masouleh-restaurant-chicago,72
Taqueria El Milagro,taqueria-el-milagro-chicago,http://www.yelp.com/biz/taqueria-el-milagro-chicago,139
Mary's Taqueria,marys-taqueria-chicago,http://www.yelp.com/biz/marys-taqueria-chicago,22
Ssyal Ginseng House,ssyal-ginseng-house-chicago-3,http://www.yelp.com/biz/ssyal-ginseng-house-chicago-3,40
Salerno's Restaurant & Pizzeria,salernos-restaurant-and-pizzeria-chicago,http://www.yelp.com/biz/salernos-restaurant-and-pizzeria-chicago,187
Sushi Mura,sushi-mura-chicago,http://www.yelp.com/biz/sushi-mura-chicago,193
Lawrys The Prime Rib,lawrys-the-prime-rib-chicago,http://www.yelp.com/biz/lawrys-the-prime-rib-chicago,416
New Zaika Restaurant,new-zaika-restaurant-chicago,http://www.yelp.com/biz/new-zaika-restaurant-chicago,7
Nouveau Tavern,nouveau-tavern-chicago,http://www.yelp.com/biz/nouveau-tavern-chicago,108
Yan Bang Cai,yan-bang-cai-chicago,http://www.yelp.com/biz/yan-bang-cai-chicago,27
Ground Control,ground-control-chicago,http://www.yelp.com/biz/ground-control-chicago,88
Wishbone,wishbone-chicago-3,http://www.yelp.com/biz/wishbone-chicago-3,475
Jin Ju,jin-ju-chicago,http://www.yelp.com/biz/jin-ju-chicago,233
Cocula Restaurant,cocula-restaurant-chicago,http://www.yelp.com/biz/cocula-restaurant-chicago,42
Melting Pot,melting-pot-chicago,http://www.yelp.com/biz/melting-pot-chicago,290
Taste of Lebanon Restaurant,taste-of-lebanon-restaurant-chicago,http://www.yelp.com/biz/taste-of-lebanon-restaurant-chicago,370
Papa's Cache Sabroso,papas-cache-sabroso-chicago,http://www.yelp.com/biz/papas-cache-sabroso-chicago,244
Wishbone,wishbone-chicago-2,http://www.yelp.com/biz/wishbone-chicago-2,541
Pizzeria Uno,pizzeria-uno-chicago,http://www.yelp.com/biz/pizzeria-uno-chicago,614
Chang's Chinese Restaurant,changs-chinese-restaurant-chicago,http://www.yelp.com/biz/changs-chinese-restaurant-chicago,58
Anmol Restaurant,anmol-restaurant-chicago,http://www.yelp.com/biz/anmol-restaurant-chicago,55
Trattoria Isabella,trattoria-isabella-chicago,http://www.yelp.com/biz/trattoria-isabella-chicago,138
Me Dee Cafe,me-dee-cafe-chicago,http://www.yelp.com/biz/me-dee-cafe-chicago,140
SideDoor,sidedoor-chicago,http://www.yelp.com/biz/sidedoor-chicago,50
Nha Hang Viet Nam,nha-hang-viet-nam-chicago,http://www.yelp.com/biz/nha-hang-viet-nam-chicago,74
India House Restaurant,india-house-restaurant-chicago-2,http://www.yelp.com/biz/india-house-restaurant-chicago-2,749
Sakura Teppanyaki & Sushi,sakura-teppanyaki-and-sushi-chicago,http://www.yelp.com/biz/sakura-teppanyaki-and-sushi-chicago,236
Chicago Oyster House,chicago-oyster-house-chicago,http://www.yelp.com/biz/chicago-oyster-house-chicago,48
Sumi Robata Bar,sumi-robata-bar-chicago-2,http://www.yelp.com/biz/sumi-robata-bar-chicago-2,98
Bite Cafe,bite-cafe-chicago,http://www.yelp.com/biz/bite-cafe-chicago,549
Piccolo Sogno Due,piccolo-sogno-due-chicago,http://www.yelp.com/biz/piccolo-sogno-due-chicago,123
Glenns Diner,glenns-diner-chicago,http://www.yelp.com/biz/glenns-diner-chicago,814
La Bomba Restaurant,la-bomba-restaurant-chicago-3,http://www.yelp.com/biz/la-bomba-restaurant-chicago-3,51
Yindee,yindee-chicago,http://www.yelp.com/biz/yindee-chicago,85
Chicago's Home of Chicken & Waffles,chicagos-home-of-chicken-and-waffles-chicago,http://www.yelp.com/biz/chicagos-home-of-chicken-and-waffles-chicago,299
Porkchop,porkchop-chicago,http://www.yelp.com/biz/porkchop-chicago,286
Thai Thai,thai-thai-chicago,http://www.yelp.com/biz/thai-thai-chicago,75
Gale Street Inn,gale-street-inn-chicago,http://www.yelp.com/biz/gale-street-inn-chicago,309
Travelle,travelle-chicago,http://www.yelp.com/biz/travelle-chicago,31
Orso's,orsos-chicago,http://www.yelp.com/biz/orsos-chicago,215
Portillo's Hot Dogs,portillos-hot-dogs-chicago,http://www.yelp.com/biz/portillos-hot-dogs-chicago,1794
Kuma's Corner,kumas-corner-chicago,http://www.yelp.com/biz/kumas-corner-chicago,3976
Pecking Order,pecking-order-chicago,http://www.yelp.com/biz/pecking-order-chicago,175
Gene & Georgetti Restaurant,gene-and-georgetti-restaurant-chicago-3,http://www.yelp.com/biz/gene-and-georgetti-restaurant-chicago-3,414
Bridge House Tavern,bridge-house-tavern-chicago,http://www.yelp.com/biz/bridge-house-tavern-chicago,233
South Kawa,south-kawa-chicago,http://www.yelp.com/biz/south-kawa-chicago,110
Thai Bowl,thai-bowl-chicago,http://www.yelp.com/biz/thai-bowl-chicago,247
Bubba Gump Shrimp Co.,bubba-gump-shrimp-co-chicago,http://www.yelp.com/biz/bubba-gump-shrimp-co-chicago,201
Revolucion Steak House,revolucion-steak-house-chicago,http://www.yelp.com/biz/revolucion-steak-house-chicago,143
Stetsons Modern Steak + Sushi,stetsons-modern-steak-sushi-chicago-2,http://www.yelp.com/biz/stetsons-modern-steak-sushi-chicago-2,39
Bistro Bordeaux,bistro-bordeaux-evanston,http://www.yelp.com/biz/bistro-bordeaux-evanston,170
Sous Rising,sous-rising-chicago,http://www.yelp.com/biz/sous-rising-chicago,12
Antico Posto,antico-posto-oak-brook,http://www.yelp.com/biz/antico-posto-oak-brook,247
Sayat Nova,sayat-nova-chicago,http://www.yelp.com/biz/sayat-nova-chicago,240
Tabaq Restaurant,tabaq-restaurant-chicago-3,http://www.yelp.com/biz/tabaq-restaurant-chicago-3,46
Thai Urban Kitchen,thai-urban-kitchen-chicago-2,http://www.yelp.com/biz/thai-urban-kitchen-chicago-2,165
Ping Pong,ping-pong-chicago,http://www.yelp.com/biz/ping-pong-chicago,417
Eleven City Diner,eleven-city-diner-chicago,http://www.yelp.com/biz/eleven-city-diner-chicago,877
La Quebrada,la-quebrada-chicago,http://www.yelp.com/biz/la-quebrada-chicago,6
Flo,flo-chicago,http://www.yelp.com/biz/flo-chicago,554
Fogo de Chao Chicago,fogo-de-chao-chicago-chicago,http://www.yelp.com/biz/fogo-de-chao-chicago-chicago,946
Bountiful Eatery,bountiful-eatery-chicago,http://www.yelp.com/biz/bountiful-eatery-chicago,114
m.henry,m-henry-chicago,http://www.yelp.com/biz/m-henry-chicago,1179
Ponce Restaurant,ponce-restaurant-chicago,http://www.yelp.com/biz/ponce-restaurant-chicago,49
Native Foods Cafe,native-foods-cafe-chicago-3,http://www.yelp.com/biz/native-foods-cafe-chicago-3,287
Yum Thai Restaurant,yum-thai-restaurant-forest-park,http://www.yelp.com/biz/yum-thai-restaurant-forest-park,77
Lou Malnati's Pizzeria,lou-malnatis-pizzeria-chicago,http://www.yelp.com/biz/lou-malnatis-pizzeria-chicago,1448
Exchequer Restaurant & Pub,exchequer-restaurant-and-pub-chicago,http://www.yelp.com/biz/exchequer-restaurant-and-pub-chicago,307
Mi Tierra,mi-tierra-chicago-3,http://www.yelp.com/biz/mi-tierra-chicago-3,99
Viceroy of India,viceroy-of-india-chicago-2,http://www.yelp.com/biz/viceroy-of-india-chicago-2,215
Cocello,cocello-chicago,http://www.yelp.com/biz/cocello-chicago,29
4 Suyos Peruvian Cuisine,4-suyos-peruvian-cuisine-chicago,http://www.yelp.com/biz/4-suyos-peruvian-cuisine-chicago,106
Mott St,mott-st-chicago-2,http://www.yelp.com/biz/mott-st-chicago-2,142
Halo Asian Mix,halo-asian-mix-chicago,http://www.yelp.com/biz/halo-asian-mix-chicago,128
Taketei,taketei-chicago-3,http://www.yelp.com/biz/taketei-chicago-3,61
90 Miles Cuban Café,90-miles-cuban-café-chicago-4,http://www.yelp.com/biz/90-miles-cuban-caf%C3%A9-chicago-4,549
Norman's Bistro,normans-bistro-chicago,http://www.yelp.com/biz/normans-bistro-chicago,52
Saigon Grill,saigon-grill-chicago,http://www.yelp.com/biz/saigon-grill-chicago,177
Ruby's Fast Food,rubys-fast-food-chicago,http://www.yelp.com/biz/rubys-fast-food-chicago,104
The Chicago Diner,the-chicago-diner-chicago-2,http://www.yelp.com/biz/the-chicago-diner-chicago-2,164
Chicago Cut Steakhouse,chicago-cut-steakhouse-chicago,http://www.yelp.com/biz/chicago-cut-steakhouse-chicago,515
Karyn's Cooked,karyns-cooked-chicago,http://www.yelp.com/biz/karyns-cooked-chicago,545
La Pasadita,la-pasadita-chicago,http://www.yelp.com/biz/la-pasadita-chicago,406
Luxbar,luxbar-chicago,http://www.yelp.com/biz/luxbar-chicago,449
Alhambra Palace,alhambra-palace-chicago,http://www.yelp.com/biz/alhambra-palace-chicago,303
Da Luciano,da-luciano-river-grove,http://www.yelp.com/biz/da-luciano-river-grove,104
P.S. Bangkok,p-s-bangkok-chicago,http://www.yelp.com/biz/p-s-bangkok-chicago,155
County Barbeque,county-barbeque-chicago,http://www.yelp.com/biz/county-barbeque-chicago,175
Hachi's Kitchen,hachis-kitchen-chicago,http://www.yelp.com/biz/hachis-kitchen-chicago,308
Khan's BBQ Restaurant,khans-bbq-restaurant-chicago,http://www.yelp.com/biz/khans-bbq-restaurant-chicago,115
Bites Asian Tapas,bites-asian-tapas-chicago,http://www.yelp.com/biz/bites-asian-tapas-chicago,60
Curry Point,curry-point-chicago,http://www.yelp.com/biz/curry-point-chicago,35
Taco Joint,taco-joint-chicago,http://www.yelp.com/biz/taco-joint-chicago,479
Old Lviv,old-lviv-chicago,http://www.yelp.com/biz/old-lviv-chicago,64
Phoenix Restaurant,phoenix-restaurant-chicago,http://www.yelp.com/biz/phoenix-restaurant-chicago,419
B'Gabs Goodies,bgabs-goodies-chicago,http://www.yelp.com/biz/bgabs-goodies-chicago,30
Kitchen 17,kitchen-17-chicago,http://www.yelp.com/biz/kitchen-17-chicago,59
La Casa De Samuel,la-casa-de-samuel-chicago-3,http://www.yelp.com/biz/la-casa-de-samuel-chicago-3,35
Caffe De Luca,caffe-de-luca-forest-park,http://www.yelp.com/biz/caffe-de-luca-forest-park,99
The Junction Diner,the-junction-diner-forest-park,http://www.yelp.com/biz/the-junction-diner-forest-park,43
Silver Spoon Thai Restaurant,silver-spoon-thai-restaurant-chicago,http://www.yelp.com/biz/silver-spoon-thai-restaurant-chicago,214
Havana,havana-chicago-2,http://www.yelp.com/biz/havana-chicago-2,350
Oiistar,oiistar-chicago,http://www.yelp.com/biz/oiistar-chicago,237
Solga,solga-chicago,http://www.yelp.com/biz/solga-chicago,162
Rice'N Bread,ricen-bread-chicago,http://www.yelp.com/biz/ricen-bread-chicago,44
The Dawson,the-dawson-chicago,http://www.yelp.com/biz/the-dawson-chicago,156
Salaam Restaurant and Bakery,salaam-restaurant-and-bakery-chicago,http://www.yelp.com/biz/salaam-restaurant-and-bakery-chicago,10
Lupita's Restaurant,lupitas-restaurant-chicago,http://www.yelp.com/biz/lupitas-restaurant-chicago,17
Pot Pan Thai,pot-pan-thai-chicago,http://www.yelp.com/biz/pot-pan-thai-chicago,305
Salonica,salonica-chicago,http://www.yelp.com/biz/salonica-chicago,142
Dinotto,dinotto-chicago,http://www.yelp.com/biz/dinotto-chicago,173
Nine Thai Cuisine,nine-thai-cuisine-chicago,http://www.yelp.com/biz/nine-thai-cuisine-chicago,32
Sandwich Me In,sandwich-me-in-chicago,http://www.yelp.com/biz/sandwich-me-in-chicago,106
Gioco,gioco-chicago,http://www.yelp.com/biz/gioco-chicago,374
Letizia's Fiore Ristorante & Natural Bakery,letizias-fiore-ristorante-and-natural-bakery-chicago-3,http://www.yelp.com/biz/letizias-fiore-ristorante-and-natural-bakery-chicago-3,162
Tesori,tesori-chicago,http://www.yelp.com/biz/tesori-chicago,67
Miss Asia,miss-asia-chicago,http://www.yelp.com/biz/miss-asia-chicago,152
La Petite Folie,la-petite-folie-chicago,http://www.yelp.com/biz/la-petite-folie-chicago,45
312 Chicago,312-chicago-chicago,http://www.yelp.com/biz/312-chicago-chicago,173
III Forks Prime Steakhouse,iii-forks-prime-steakhouse-chicago,http://www.yelp.com/biz/iii-forks-prime-steakhouse-chicago,153
Tanoshii Sushi Mike's,tanoshii-sushi-mikes-chicago,http://www.yelp.com/biz/tanoshii-sushi-mikes-chicago,56
Marion Street Cheese Market & Bistro,marion-street-cheese-market-and-bistro-oak-park,http://www.yelp.com/biz/marion-street-cheese-market-and-bistro-oak-park,331
LYFE Kitchen,lyfe-kitchen-chicago,http://www.yelp.com/biz/lyfe-kitchen-chicago,133
Homeslice,homeslice-chicago,http://www.yelp.com/biz/homeslice-chicago,258
Range,range-chicago,http://www.yelp.com/biz/range-chicago,60
Chai's Asian Bistro,chais-asian-bistro-chicago,http://www.yelp.com/biz/chais-asian-bistro-chicago,44
Bow & Stern,bow-and-stern-chicago,http://www.yelp.com/biz/bow-and-stern-chicago,91
Wildberry Pancakes and Cafe,wildberry-pancakes-and-cafe-chicago-2,http://www.yelp.com/biz/wildberry-pancakes-and-cafe-chicago-2,736
Villagio,villagio-rosemont,http://www.yelp.com/biz/villagio-rosemont,62
Hon Kee Restaurant,hon-kee-restaurant-chicago-3,http://www.yelp.com/biz/hon-kee-restaurant-chicago-3,90
Sabor A Cafe Colombian Steakhouse,sabor-a-cafe-colombian-steakhouse-chicago-2,http://www.yelp.com/biz/sabor-a-cafe-colombian-steakhouse-chicago-2,96
Ukai Japanese Restaurant,ukai-japanese-restaurant-chicago,http://www.yelp.com/biz/ukai-japanese-restaurant-chicago,240
Rootstock Wine & Beer Bar,rootstock-wine-and-beer-bar-chicago-2,http://www.yelp.com/biz/rootstock-wine-and-beer-bar-chicago-2,312
Big Star,big-star-chicago,http://www.yelp.com/biz/big-star-chicago,1864
Kam Fung Restaurant,kam-fung-restaurant-chicago,http://www.yelp.com/biz/kam-fung-restaurant-chicago,17
La Sardine,la-sardine-chicago,http://www.yelp.com/biz/la-sardine-chicago,185
El Maya,el-maya-chicago-2,http://www.yelp.com/biz/el-maya-chicago-2,82
Club Lucky,club-lucky-chicago,http://www.yelp.com/biz/club-lucky-chicago,320
Fuji Grill,fuji-grill-forest-park,http://www.yelp.com/biz/fuji-grill-forest-park,116
Chicago's Home of Chicken & Waffles II,chicagos-home-of-chicken-and-waffles-ii-oak-park,http://www.yelp.com/biz/chicagos-home-of-chicken-and-waffles-ii-oak-park,268
Hema's Kitchen,hemas-kitchen-chicago,http://www.yelp.com/biz/hemas-kitchen-chicago,299
Joy Yee's Noodle Shop,joy-yees-noodle-shop-chicago-2,http://www.yelp.com/biz/joy-yees-noodle-shop-chicago-2,428
Peking Mandarin,peking-mandarin-chicago,http://www.yelp.com/biz/peking-mandarin-chicago,60
Bombay Bliss,bombay-bliss-chicago,http://www.yelp.com/biz/bombay-bliss-chicago,55
Boo-il Galbi Korean BBQ,boo-il-galbi-korean-bbq-chicago,http://www.yelp.com/biz/boo-il-galbi-korean-bbq-chicago,35
Ghareeb Nawaz,ghareeb-nawaz-chicago,http://www.yelp.com/biz/ghareeb-nawaz-chicago,294
Sunny Side Up & Coffee Shop,sunny-side-up-and-coffee-shop-chicago,http://www.yelp.com/biz/sunny-side-up-and-coffee-shop-chicago,225
The Stained Glass,the-stained-glass-evanston,http://www.yelp.com/biz/the-stained-glass-evanston,171
Rosebud Steakhouse,rosebud-steakhouse-chicago-4,http://www.yelp.com/biz/rosebud-steakhouse-chicago-4,192
Tutto Fresco,tutto-fresco-chicago-2,http://www.yelp.com/biz/tutto-fresco-chicago-2,94
Broadway Cellars,broadway-cellars-chicago,http://www.yelp.com/biz/broadway-cellars-chicago,349
Burger Bar Chicago,burger-bar-chicago-chicago,http://www.yelp.com/biz/burger-bar-chicago-chicago,624
Tio Luis Tacos,tio-luis-tacos-chicago,http://www.yelp.com/biz/tio-luis-tacos-chicago,131
Three Happiness Restaurant,three-happiness-restaurant-chicago-2,http://www.yelp.com/biz/three-happiness-restaurant-chicago-2,71
Perez Restaurant,perez-restaurant-chicago-2,http://www.yelp.com/biz/perez-restaurant-chicago-2,82
Telegraph,telegraph-chicago,http://www.yelp.com/biz/telegraph-chicago,288
Toast,toast-chicago-2,http://www.yelp.com/biz/toast-chicago-2,510
Fuego Loco,fuego-loco-oak-park,http://www.yelp.com/biz/fuego-loco-oak-park,109
L D Pho,l-d-pho-chicago,http://www.yelp.com/biz/l-d-pho-chicago,49
L. Woods Tap & Pine Lodge,l-woods-tap-and-pine-lodge-lincolnwood,http://www.yelp.com/biz/l-woods-tap-and-pine-lodge-lincolnwood,396
Loving Heart,loving-heart-chicago,http://www.yelp.com/biz/loving-heart-chicago,26
Nori Neighborhood Sushi Bar,nori-neighborhood-sushi-bar-chicago,http://www.yelp.com/biz/nori-neighborhood-sushi-bar-chicago,361
Uncommon Ground,uncommon-ground-chicago,http://www.yelp.com/biz/uncommon-ground-chicago,715
Bella Bacino's,bella-bacinos-chicago,http://www.yelp.com/biz/bella-bacinos-chicago,202
Mama Milano's Pizza Bar,mama-milanos-pizza-bar-chicago,http://www.yelp.com/biz/mama-milanos-pizza-bar-chicago,61
Honeymoon Cafe,honeymoon-cafe-chicago,http://www.yelp.com/biz/honeymoon-cafe-chicago,47
Tweet,tweet-chicago,http://www.yelp.com/biz/tweet-chicago,956
Rockwell's Neighborhood Grill,rockwells-neighborhood-grill-chicago-2,http://www.yelp.com/biz/rockwells-neighborhood-grill-chicago-2,261
Local Root,local-root-chicago,http://www.yelp.com/biz/local-root-chicago,151
Mi Tierra Cocina Mexicana,mi-tierra-cocina-mexicana-chicago-3,http://www.yelp.com/biz/mi-tierra-cocina-mexicana-chicago-3,257
El Taconazo Restaurant,el-taconazo-restaurant-chicago-2,http://www.yelp.com/biz/el-taconazo-restaurant-chicago-2,22
Svea Restaurant,svea-restaurant-chicago,http://www.yelp.com/biz/svea-restaurant-chicago,190
Amitabul,amitabul-chicago-2,http://www.yelp.com/biz/amitabul-chicago-2,192
Anong Thai,anong-thai-chicago,http://www.yelp.com/biz/anong-thai-chicago,186
Palermo Italian Restaurant & Pizzeria,palermo-italian-restaurant-and-pizzeria-chicago,http://www.yelp.com/biz/palermo-italian-restaurant-and-pizzeria-chicago,79
Woo Chon Restaurant,woo-chon-restaurant-chicago,http://www.yelp.com/biz/woo-chon-restaurant-chicago,68
The Bento Box,the-bento-box-chicago-2,http://www.yelp.com/biz/the-bento-box-chicago-2,110
Paladar,paladar-chicago-2,http://www.yelp.com/biz/paladar-chicago-2,57
Hai Yen,hai-yen-chicago,http://www.yelp.com/biz/hai-yen-chicago,239
Kyoto Sushi Restaurant,kyoto-sushi-restaurant-chicago,http://www.yelp.com/biz/kyoto-sushi-restaurant-chicago,384
Honky Tonk BBQ,honky-tonk-bbq-chicago,http://www.yelp.com/biz/honky-tonk-bbq-chicago,560
Azzurra EnoTavola,azzurra-enotavola-chicago,http://www.yelp.com/biz/azzurra-enotavola-chicago,54
Thai Aroma,thai-aroma-chicago-2,http://www.yelp.com/biz/thai-aroma-chicago-2,184
Mezcalina,mezcalina-chicago,http://www.yelp.com/biz/mezcalina-chicago,95
Cafe Selmarie,cafe-selmarie-chicago,http://www.yelp.com/biz/cafe-selmarie-chicago,474
Legno by Suparossa,legno-by-suparossa-chicago,http://www.yelp.com/biz/legno-by-suparossa-chicago,37
Mrs Murphy and Sons Irish Bistro,mrs-murphy-and-sons-irish-bistro-chicago,http://www.yelp.com/biz/mrs-murphy-and-sons-irish-bistro-chicago,289
Fleming's Prime Steakhouse & Wine Bar,flemings-prime-steakhouse-and-wine-bar-chicago,http://www.yelp.com/biz/flemings-prime-steakhouse-and-wine-bar-chicago,294
Pizzeria Via Stato,pizzeria-via-stato-chicago,http://www.yelp.com/biz/pizzeria-via-stato-chicago,90
Jin Thai,jin-thai-chicago,http://www.yelp.com/biz/jin-thai-chicago,115
Lao Ma La,lao-ma-la-chicago,http://www.yelp.com/biz/lao-ma-la-chicago,48
Howells & Hood,howells-and-hood-chicago,http://www.yelp.com/biz/howells-and-hood-chicago,254
Penny's Noodle Shop,pennys-noodle-shop-chicago-2,http://www.yelp.com/biz/pennys-noodle-shop-chicago-2,412
Bulerias Tapas,bulerias-tapas-chicago,http://www.yelp.com/biz/bulerias-tapas-chicago,203
McCormick & Schmick's,mccormick-and-schmicks-chicago-2,http://www.yelp.com/biz/mccormick-and-schmicks-chicago-2,192
Friendship Chinese Restaurant,friendship-chinese-restaurant-chicago,http://www.yelp.com/biz/friendship-chinese-restaurant-chicago,649
Lucia's Gourmet Italian Cuisine,lucias-gourmet-italian-cuisine-chicago,http://www.yelp.com/biz/lucias-gourmet-italian-cuisine-chicago,232
Harry Caray's Italian Steakhouse,harry-carays-italian-steakhouse-chicago,http://www.yelp.com/biz/harry-carays-italian-steakhouse-chicago,369
Fornello Trattoria,fornello-trattoria-chicago,http://www.yelp.com/biz/fornello-trattoria-chicago,285
Bismillah Restaurant,bismillah-restaurant-chicago,http://www.yelp.com/biz/bismillah-restaurant-chicago,74
Royal Indian Grill,royal-indian-grill-chicago,http://www.yelp.com/biz/royal-indian-grill-chicago,27
Black Bull,black-bull-chicago,http://www.yelp.com/biz/black-bull-chicago,127
D'Candela,d-candela-chicago,http://www.yelp.com/biz/d-candela-chicago,75
Chicago Raw,chicago-raw-chicago,http://www.yelp.com/biz/chicago-raw-chicago,151
Lalo's Mexican Restaurant,lalos-mexican-restaurant-chicago-2,http://www.yelp.com/biz/lalos-mexican-restaurant-chicago-2,174
Punta Cana Restaurant,punta-cana-restaurant-chicago,http://www.yelp.com/biz/punta-cana-restaurant-chicago,13
City Winery Chicago,city-winery-chicago-chicago,http://www.yelp.com/biz/city-winery-chicago-chicago,352
Lettuce Entertain You Ent,lettuce-entertain-you-ent-chicago,http://www.yelp.com/biz/lettuce-entertain-you-ent-chicago,9
Furama,furama-chicago,http://www.yelp.com/biz/furama-chicago,249
Yolk,yolk-chicago-8,http://www.yelp.com/biz/yolk-chicago-8,472
Pizano's Pizza,pizanos-pizza-chicago,http://www.yelp.com/biz/pizanos-pizza-chicago,467
Brindille,brindille-chicago,http://www.yelp.com/biz/brindille-chicago,39
Mt. Everest Restaurant,mt-everest-restaurant-evanston,http://www.yelp.com/biz/mt-everest-restaurant-evanston,235
Capi's Italian Kitchen,capis-italian-kitchen-chicago,http://www.yelp.com/biz/capis-italian-kitchen-chicago,74
Lincoln Park Noodle House,lincoln-park-noodle-house-chicago,http://www.yelp.com/biz/lincoln-park-noodle-house-chicago,122
Tre Kronor,tre-kronor-chicago,http://www.yelp.com/biz/tre-kronor-chicago,423
Flo & Santos,flo-and-santos-chicago-3,http://www.yelp.com/biz/flo-and-santos-chicago-3,391
Cafe con Leche,cafe-con-leche-chicago,http://www.yelp.com/biz/cafe-con-leche-chicago,296
Taste of Brasil Cafe,taste-of-brasil-cafe-oak-park,http://www.yelp.com/biz/taste-of-brasil-cafe-oak-park,181
Lao Beijing,lao-beijing-chicago,http://www.yelp.com/biz/lao-beijing-chicago,209
Carmichaels Chicago Steakhouse,carmichaels-chicago-steakhouse-chicago,http://www.yelp.com/biz/carmichaels-chicago-steakhouse-chicago,259
La Palma Puerto Rican Restuarant,la-palma-puerto-rican-restuarant-chicago,http://www.yelp.com/biz/la-palma-puerto-rican-restuarant-chicago,60
Yum Cha Dim Sum Parlor,yum-cha-dim-sum-parlor-chicago,http://www.yelp.com/biz/yum-cha-dim-sum-parlor-chicago,61
La Pasadita Restaurant,la-pasadita-restaurant-chicago,http://www.yelp.com/biz/la-pasadita-restaurant-chicago,197
Topolobampo,topolobampo-chicago,http://www.yelp.com/biz/topolobampo-chicago,605
S@kura,s-kura-chicago-4,http://www.yelp.com/biz/s-kura-chicago-4,166
Half Shell,half-shell-chicago,http://www.yelp.com/biz/half-shell-chicago,429
Coco Restaurant,coco-restaurant-chicago-3,http://www.yelp.com/biz/coco-restaurant-chicago-3,169
JAM,jam-chicago,http://www.yelp.com/biz/jam-chicago,489
South Coast Sushi Bar,south-coast-sushi-bar-chicago,http://www.yelp.com/biz/south-coast-sushi-bar-chicago,342
Chez Simo Bistro,chez-simo-bistro-chicago,http://www.yelp.com/biz/chez-simo-bistro-chicago,54
Mandarin Kitchen,mandarin-kitchen-chicago,http://www.yelp.com/biz/mandarin-kitchen-chicago,116
El Rinconcito Cubano,el-rinconcito-cubano-chicago,http://www.yelp.com/biz/el-rinconcito-cubano-chicago,59
Belly Shack,belly-shack-chicago-2,http://www.yelp.com/biz/belly-shack-chicago-2,666
Endgrain,endgrain-chicago,http://www.yelp.com/biz/endgrain-chicago,164
Trattoria Dinotto,trattoria-dinotto-chicago,http://www.yelp.com/biz/trattoria-dinotto-chicago,12
Sultan's Market,sultans-market-chicago,http://www.yelp.com/biz/sultans-market-chicago,1003
Rollapalooza,rollapalooza-chicago,http://www.yelp.com/biz/rollapalooza-chicago,221
Shaman By Chilam Balam,shaman-by-chilam-balam-chicago,http://www.yelp.com/biz/shaman-by-chilam-balam-chicago,75
Frontier,frontier-chicago-2,http://www.yelp.com/biz/frontier-chicago-2,466
Fireside Restaurant & Lounge,fireside-restaurant-and-lounge-chicago,http://www.yelp.com/biz/fireside-restaurant-and-lounge-chicago,362
Yolk River North,yolk-river-north-chicago-2,http://www.yelp.com/biz/yolk-river-north-chicago-2,700
Makisu Sushi Lounge & Grill,makisu-sushi-lounge-and-grill-skokie,http://www.yelp.com/biz/makisu-sushi-lounge-and-grill-skokie,182
9 Muses,9-muses-chicago,http://www.yelp.com/biz/9-muses-chicago,99
Leonardo's Restaurant,leonardos-restaurant-chicago,http://www.yelp.com/biz/leonardos-restaurant-chicago,68
Melanthios Greek Char House,melanthios-greek-char-house-chicago,http://www.yelp.com/biz/melanthios-greek-char-house-chicago,270
La Humita,la-humita-chicago,http://www.yelp.com/biz/la-humita-chicago,36
Smith & Wollensky,smith-and-wollensky-chicago,http://www.yelp.com/biz/smith-and-wollensky-chicago,383
Melao Latin Cuisine,melao-latin-cuisine-chicago,http://www.yelp.com/biz/melao-latin-cuisine-chicago,44
Baba Pita,baba-pita-chicago,http://www.yelp.com/biz/baba-pita-chicago,248
Župa Restaurant & Deli,župa-restaurant-and-deli-lyons-2,http://www.yelp.com/biz/%C5%BEupa-restaurant-and-deli-lyons-2,25
Zachi,zachi-chicago,http://www.yelp.com/biz/zachi-chicago,114
Bistro Voltaire,bistro-voltaire-chicago,http://www.yelp.com/biz/bistro-voltaire-chicago,150
La Penca,la-penca-north-riverside,http://www.yelp.com/biz/la-penca-north-riverside,55
Jellyfish,jellyfish-chicago-2,http://www.yelp.com/biz/jellyfish-chicago-2,129
Saffron Spice,saffron-spice-chicago,http://www.yelp.com/biz/saffron-spice-chicago,44
Hala In Restaurant,hala-in-restaurant-chicago,http://www.yelp.com/biz/hala-in-restaurant-chicago,125
El Gordo Restaurant,el-gordo-restaurant-chicago-2,http://www.yelp.com/biz/el-gordo-restaurant-chicago-2,84
La Palapa,la-palapa-chicago,http://www.yelp.com/biz/la-palapa-chicago,96
Yolo Mexican Eatery,yolo-mexican-eatery-skokie,http://www.yelp.com/biz/yolo-mexican-eatery-skokie,104
Carbon,carbon-chicago-3,http://www.yelp.com/biz/carbon-chicago-3,118
Cafe Touche,cafe-touche-edison-park,http://www.yelp.com/biz/cafe-touche-edison-park,128
Sweet Maple Cafe,sweet-maple-cafe-chicago,http://www.yelp.com/biz/sweet-maple-cafe-chicago,419
Garlic & Chili Thai Cuisine,garlic-and-chili-thai-cuisine-chicago,http://www.yelp.com/biz/garlic-and-chili-thai-cuisine-chicago,105
Mista,mista-chicago,http://www.yelp.com/biz/mista-chicago,239
Nonno Pino's,nonno-pinos-chicago,http://www.yelp.com/biz/nonno-pinos-chicago,101
Bakin' & Eggs,bakin-and-eggs-chicago-2,http://www.yelp.com/biz/bakin-and-eggs-chicago-2,512
Meli Cafe & Juice Bar,meli-cafe-and-juice-bar-chicago,http://www.yelp.com/biz/meli-cafe-and-juice-bar-chicago,684
Himshikar Restaurant,himshikar-restaurant-chicago,http://www.yelp.com/biz/himshikar-restaurant-chicago,53
Cafe Hoang,cafe-hoang-chicago,http://www.yelp.com/biz/cafe-hoang-chicago,151
Mas Alla Del Sol,mas-alla-del-sol-chicago,http://www.yelp.com/biz/mas-alla-del-sol-chicago,59
Thai Twin,thai-twin-bridgeview,http://www.yelp.com/biz/thai-twin-bridgeview,59
Taqueria Los Comales 3,taqueria-los-comales-3-chicago,http://www.yelp.com/biz/taqueria-los-comales-3-chicago,127
Cafe Cubano,cafe-cubano-elmwood-park,http://www.yelp.com/biz/cafe-cubano-elmwood-park,80
Lalo's Restaurant,lalos-restaurant-berwyn,http://www.yelp.com/biz/lalos-restaurant-berwyn,104
La Fontanella Restaurant,la-fontanella-restaurant-chicago,http://www.yelp.com/biz/la-fontanella-restaurant-chicago,34
Al Mawal Restaurant,al-mawal-restaurant-worth,http://www.yelp.com/biz/al-mawal-restaurant-worth,24
The Smoke Daddy,the-smoke-daddy-chicago,http://www.yelp.com/biz/the-smoke-daddy-chicago,761
Carbon,carbon-chicago,http://www.yelp.com/biz/carbon-chicago,286
Pequod's Pizzeria,pequods-pizzeria-chicago,http://www.yelp.com/biz/pequods-pizzeria-chicago,1739
Beef & Brandy Restaurant & Bar,beef-and-brandy-restaurant-and-bar-chicago,http://www.yelp.com/biz/beef-and-brandy-restaurant-and-bar-chicago,164
The Nile Restaurant,the-nile-restaurant-bridgeview,http://www.yelp.com/biz/the-nile-restaurant-bridgeview,34
The Elephant Thai Cuisine,the-elephant-thai-cuisine-chicago,http://www.yelp.com/biz/the-elephant-thai-cuisine-chicago,84
Kiki's Bistro,kikis-bistro-chicago,http://www.yelp.com/biz/kikis-bistro-chicago,232
Central Gyros,central-gyros-chicago,http://www.yelp.com/biz/central-gyros-chicago,130
Piece Brewery and Pizzeria,piece-brewery-and-pizzeria-chicago,http://www.yelp.com/biz/piece-brewery-and-pizzeria-chicago,2612
The Brixton,the-brixton-chicago,http://www.yelp.com/biz/the-brixton-chicago,83
Elly's Pancake House,ellys-pancake-house-chicago,http://www.yelp.com/biz/ellys-pancake-house-chicago,278
Pizza Art Café,pizza-art-café-chicago-2,http://www.yelp.com/biz/pizza-art-caf%C3%A9-chicago-2,271
Vora,vora-chicago,http://www.yelp.com/biz/vora-chicago,85
Original Pancake House,original-pancake-house-chicago,http://www.yelp.com/biz/original-pancake-house-chicago,280
Los Corrales Taqueria & Restaurant,los-corrales-taqueria-and-restaurant-berwyn,http://www.yelp.com/biz/los-corrales-taqueria-and-restaurant-berwyn,14
Las Tablas Restaurant,las-tablas-restaurant-chicago-2,http://www.yelp.com/biz/las-tablas-restaurant-chicago-2,168
Czech Plaza Restaurant,czech-plaza-restaurant-berwyn,http://www.yelp.com/biz/czech-plaza-restaurant-berwyn,53
Shanghai Inn,shanghai-inn-chicago,http://www.yelp.com/biz/shanghai-inn-chicago,142
Lou Malnati's Pizzeria,lou-malnatis-pizzeria-chicago-10,http://www.yelp.com/biz/lou-malnatis-pizzeria-chicago-10,58
Macku Sushi,macku-sushi-chicago,http://www.yelp.com/biz/macku-sushi-chicago,271
Frasca,frasca-chicago,http://www.yelp.com/biz/frasca-chicago,458
Butcher & The Burger,butcher-and-the-burger-chicago,http://www.yelp.com/biz/butcher-and-the-burger-chicago,512
VIP Restaurant,vip-restaurant-chicago-2,http://www.yelp.com/biz/vip-restaurant-chicago-2,43
Nick's Fishmarket Grill & Bar,nicks-fishmarket-grill-and-bar-chicago,http://www.yelp.com/biz/nicks-fishmarket-grill-and-bar-chicago,60
Taste of Cuba Cafe,taste-of-cuba-cafe-lincolnwood,http://www.yelp.com/biz/taste-of-cuba-cafe-lincolnwood,106
Turkish Cuisine,turkish-cuisine-chicago,http://www.yelp.com/biz/turkish-cuisine-chicago,161
Homestead On The Roof,homestead-on-the-roof-chicago,http://www.yelp.com/biz/homestead-on-the-roof-chicago,96
Coalfire Pizza,coalfire-pizza-chicago,http://www.yelp.com/biz/coalfire-pizza-chicago,629
Taza Cafe,taza-cafe-chicago,http://www.yelp.com/biz/taza-cafe-chicago,406
Giordano's,giordanos-chicago-2,http://www.yelp.com/biz/giordanos-chicago-2,721
Sushi Taiyo,sushi-taiyo-chicago-2,http://www.yelp.com/biz/sushi-taiyo-chicago-2,157
Miller's Pub,millers-pub-chicago,http://www.yelp.com/biz/millers-pub-chicago,539
Southport & Irving - SIP,southport-and-irving-sip-chicago,http://www.yelp.com/biz/southport-and-irving-sip-chicago,139
The New Pindo's Restaurant,the-new-pindos-restaurant-chicago,http://www.yelp.com/biz/the-new-pindos-restaurant-chicago,22
Piccolo Mondo,piccolo-mondo-chicago,http://www.yelp.com/biz/piccolo-mondo-chicago,74
Bangkok Wok,bangkok-wok-chicago,http://www.yelp.com/biz/bangkok-wok-chicago,51
Four Belly Asian Street Food,four-belly-asian-street-food-chicago,http://www.yelp.com/biz/four-belly-asian-street-food-chicago,71
Taqueria Moran,taqueria-moran-chicago,http://www.yelp.com/biz/taqueria-moran-chicago,269
Saint's Alp Teahouse,saints-alp-teahouse-chicago,http://www.yelp.com/biz/saints-alp-teahouse-chicago,295
Bottlefork,bottlefork-chicago,http://www.yelp.com/biz/bottlefork-chicago,93
Sushi Dokku,sushi-dokku-chicago,http://www.yelp.com/biz/sushi-dokku-chicago,98
Coppervine,coppervine-chicago,http://www.yelp.com/biz/coppervine-chicago,40
IPO,ipo-chicago,http://www.yelp.com/biz/ipo-chicago,64
Bistro Sake,bistro-sake-forest-park,http://www.yelp.com/biz/bistro-sake-forest-park,38
Fulton's On the River,fultons-on-the-river-chicago,http://www.yelp.com/biz/fultons-on-the-river-chicago,288
Mayan Palace Mexican Cuisine,mayan-palace-mexican-cuisine-chicago,http://www.yelp.com/biz/mayan-palace-mexican-cuisine-chicago,424
Tiparos Thai Cuisine & Sushi Bar,tiparos-thai-cuisine-and-sushi-bar-chicago,http://www.yelp.com/biz/tiparos-thai-cuisine-and-sushi-bar-chicago,168
LG Restaurant,lg-restaurant-chicago,http://www.yelp.com/biz/lg-restaurant-chicago,15
Japonais by Morimoto,japonais-by-morimoto-chicago-2,http://www.yelp.com/biz/japonais-by-morimoto-chicago-2,54
Zam Zam Middle Eastern Grill,zam-zam-middle-eastern-grill-chicago-3,http://www.yelp.com/biz/zam-zam-middle-eastern-grill-chicago-3,22
Abhiruchi,abhiruchi-chicago-2,http://www.yelp.com/biz/abhiruchi-chicago-2,15
Cafe Bella,cafe-bella-chicago,http://www.yelp.com/biz/cafe-bella-chicago,190
Kameya,kameya-chicago,http://www.yelp.com/biz/kameya-chicago,51
Andies Restaurant,andies-restaurant-chicago-2,http://www.yelp.com/biz/andies-restaurant-chicago-2,149
I Monelli Trattoria Pizzeria,i-monelli-trattoria-pizzeria-chicago,http://www.yelp.com/biz/i-monelli-trattoria-pizzeria-chicago,177
Horizon Cafe,horizon-cafe-chicago,http://www.yelp.com/biz/horizon-cafe-chicago,191
Crepe Town,crepe-town-chicago-3,http://www.yelp.com/biz/crepe-town-chicago-3,104
Maharaja,maharaja-rosemont,http://www.yelp.com/biz/maharaja-rosemont,192
Sai Cafe,sai-cafe-chicago,http://www.yelp.com/biz/sai-cafe-chicago,258
Matsuya Restaurant,matsuya-restaurant-chicago,http://www.yelp.com/biz/matsuya-restaurant-chicago,209
Quince,quince-evanston-2,http://www.yelp.com/biz/quince-evanston-2,105
Luzzat,luzzat-chicago,http://www.yelp.com/biz/luzzat-chicago,154
The Silver Palm,the-silver-palm-chicago,http://www.yelp.com/biz/the-silver-palm-chicago,220
The Bongo Room,the-bongo-room-chicago-3,http://www.yelp.com/biz/the-bongo-room-chicago-3,913
Hoyt's Chicago,hoyts-chicago-chicago,http://www.yelp.com/biz/hoyts-chicago-chicago,64
Sushi Thai 3,sushi-thai-3-chicago,http://www.yelp.com/biz/sushi-thai-3-chicago,27
That Little Mexican Cafe II,that-little-mexican-cafe-ii-chicago,http://www.yelp.com/biz/that-little-mexican-cafe-ii-chicago,246
Cite,cite-chicago-4,http://www.yelp.com/biz/cite-chicago-4,280
Revolution Brewing Co,revolution-brewing-co-chicago,http://www.yelp.com/biz/revolution-brewing-co-chicago,1373
Nookies Tree Restaurant,nookies-tree-restaurant-chicago,http://www.yelp.com/biz/nookies-tree-restaurant-chicago,357
2 Sparrows,2-sparrows-chicago,http://www.yelp.com/biz/2-sparrows-chicago,311
25 Degrees,25-degrees-chicago,http://www.yelp.com/biz/25-degrees-chicago,385
Victory's Banner,victorys-banner-chicago-2,http://www.yelp.com/biz/victorys-banner-chicago-2,366
South Branch Tavern Grille,south-branch-tavern-grille-chicago,http://www.yelp.com/biz/south-branch-tavern-grille-chicago,179
Pizza Capri,pizza-capri-chicago-3,http://www.yelp.com/biz/pizza-capri-chicago-3,146
DMK Burger Bar,dmk-burger-bar-chicago,http://www.yelp.com/biz/dmk-burger-bar-chicago,1292
Zacatacos,zacatacos-berwyn,http://www.yelp.com/biz/zacatacos-berwyn,71
Tapas Barcelona,tapas-barcelona-evanston,http://www.yelp.com/biz/tapas-barcelona-evanston,327
Sweetwater Tavern and Grille,sweetwater-tavern-and-grille-chicago,http://www.yelp.com/biz/sweetwater-tavern-and-grille-chicago,420
Saucy Porka,saucy-porka-chicago,http://www.yelp.com/biz/saucy-porka-chicago,168
Lady Gregory's,lady-gregorys-chicago-2,http://www.yelp.com/biz/lady-gregorys-chicago-2,409
Hana Restaurant,hana-restaurant-chicago,http://www.yelp.com/biz/hana-restaurant-chicago,70
Tocco,tocco-chicago,http://www.yelp.com/biz/tocco-chicago,196
Pueblo Nuevo,pueblo-nuevo-chicago,http://www.yelp.com/biz/pueblo-nuevo-chicago,51
Foodlife,foodlife-chicago,http://www.yelp.com/biz/foodlife-chicago,364
Cafe Spiaggia,cafe-spiaggia-chicago-2,http://www.yelp.com/biz/cafe-spiaggia-chicago-2,231
Cornerstone Cafe,cornerstone-cafe-chicago,http://www.yelp.com/biz/cornerstone-cafe-chicago,289
Talay Chicago,talay-chicago-chicago,http://www.yelp.com/biz/talay-chicago-chicago,48
Zia's Trattoria,zias-trattoria-chicago,http://www.yelp.com/biz/zias-trattoria-chicago,164
Vinci Restaurant,vinci-restaurant-chicago,http://www.yelp.com/biz/vinci-restaurant-chicago,170
Noodles Etc On Campus,noodles-etc-on-campus-chicago,http://www.yelp.com/biz/noodles-etc-on-campus-chicago,165
Hub's Restaurant,hubs-restaurant-chicago,http://www.yelp.com/biz/hubs-restaurant-chicago,138
Ameer Kabob,ameer-kabob-chicago,http://www.yelp.com/biz/ameer-kabob-chicago,100
Summer,summer-chicago,http://www.yelp.com/biz/summer-chicago,128
Chai Yo Thai,chai-yo-thai-westchester,http://www.yelp.com/biz/chai-yo-thai-westchester,32
La Cebollita,la-cebollita-chicago-3,http://www.yelp.com/biz/la-cebollita-chicago-3,69
5 Loaves Eatery,5-loaves-eatery-chicago-3,http://www.yelp.com/biz/5-loaves-eatery-chicago-3,28
Thai Wok,thai-wok-chicago,http://www.yelp.com/biz/thai-wok-chicago,34
Fred's,freds-chicago,http://www.yelp.com/biz/freds-chicago,151
Shanghai Bistro,shanghai-bistro-chicago,http://www.yelp.com/biz/shanghai-bistro-chicago,21
Flaco's Tacos,flacos-tacos-chicago,http://www.yelp.com/biz/flacos-tacos-chicago,432
Palermo's Italian Cuisine,palermos-italian-cuisine-oak-lawn-2,http://www.yelp.com/biz/palermos-italian-cuisine-oak-lawn-2,140
The Little India,the-little-india-chicago,http://www.yelp.com/biz/the-little-india-chicago,163
Thai Lagoon,thai-lagoon-chicago,http://www.yelp.com/biz/thai-lagoon-chicago,248
Hot Woks Cool Sushi,hot-woks-cool-sushi-chicago,http://www.yelp.com/biz/hot-woks-cool-sushi-chicago,229
Sawtooth Restaurant and Lounge,sawtooth-restaurant-and-lounge-chicago,http://www.yelp.com/biz/sawtooth-restaurant-and-lounge-chicago,135
LM Bistro,lm-bistro-chicago-2,http://www.yelp.com/biz/lm-bistro-chicago-2,67
Michael,michael-winnetka,http://www.yelp.com/biz/michael-winnetka,137
Runa Japanese,runa-japanese-chicago,http://www.yelp.com/biz/runa-japanese-chicago,61
Yolk South Loop,yolk-south-loop-chicago,http://www.yelp.com/biz/yolk-south-loop-chicago,978
Su Casa Restaurant,su-casa-restaurant-chicago,http://www.yelp.com/biz/su-casa-restaurant-chicago,264
Asian Outpost,asian-outpost-chicago,http://www.yelp.com/biz/asian-outpost-chicago,66
The 3rd Coast,the-3rd-coast-chicago,http://www.yelp.com/biz/the-3rd-coast-chicago,291
El Mariachi,el-mariachi-chicago,http://www.yelp.com/biz/el-mariachi-chicago,205
Stella's Diner,stellas-diner-chicago,http://www.yelp.com/biz/stellas-diner-chicago,445
Resto Pinoy - Fine Filipino Cuisine,resto-pinoy-fine-filipino-cuisine-chicago,http://www.yelp.com/biz/resto-pinoy-fine-filipino-cuisine-chicago,20
Elmwood Family Restaurant,elmwood-family-restaurant-elmwood-park,http://www.yelp.com/biz/elmwood-family-restaurant-elmwood-park,33
Centro Ristorante,centro-ristorante-chicago,http://www.yelp.com/biz/centro-ristorante-chicago,50
Arturo's Tacos,arturos-tacos-chicago-2,http://www.yelp.com/biz/arturos-tacos-chicago-2,289
Klas Restaurant,klas-restaurant-cicero,http://www.yelp.com/biz/klas-restaurant-cicero,56
Four Farthings Tavern,four-farthings-tavern-chicago,http://www.yelp.com/biz/four-farthings-tavern-chicago,155
Publican Quality Meats,publican-quality-meats-chicago,http://www.yelp.com/biz/publican-quality-meats-chicago,282
Pierogi Heaven,pierogi-heaven-chicago,http://www.yelp.com/biz/pierogi-heaven-chicago,272
The Southern,the-southern-chicago,http://www.yelp.com/biz/the-southern-chicago,535
Kingsbury Street Cafe,kingsbury-street-cafe-chicago,http://www.yelp.com/biz/kingsbury-street-cafe-chicago,191
Phil Stefani's 437 Rush Restaurant,phil-stefanis-437-rush-restaurant-chicago,http://www.yelp.com/biz/phil-stefanis-437-rush-restaurant-chicago,12
O'Brien's Restaurant,o-briens-restaurant-chicago-2,http://www.yelp.com/biz/o-briens-restaurant-chicago-2,143
Rivers,rivers-chicago,http://www.yelp.com/biz/rivers-chicago,197
BIG & little's,big-and-littles-chicago,http://www.yelp.com/biz/big-and-littles-chicago,691
The Fireplace Inn,the-fireplace-inn-chicago,http://www.yelp.com/biz/the-fireplace-inn-chicago,258
Emilio's Tapas,emilios-tapas-hillside-2,http://www.yelp.com/biz/emilios-tapas-hillside-2,166
Kuni's Japanese Restaurant,kunis-japanese-restaurant-evanston,http://www.yelp.com/biz/kunis-japanese-restaurant-evanston,149
Arya Bhavan,arya-bhavan-chicago,http://www.yelp.com/biz/arya-bhavan-chicago,128
Athena Greek Restaurant,athena-greek-restaurant-chicago,http://www.yelp.com/biz/athena-greek-restaurant-chicago,296
Cocoro Restaurant,cocoro-restaurant-chicago,http://www.yelp.com/biz/cocoro-restaurant-chicago,155
Himmel's,himmels-chicago,http://www.yelp.com/biz/himmels-chicago,43
Nicksons Eatery,nicksons-eatery-la-grange-2,http://www.yelp.com/biz/nicksons-eatery-la-grange-2,159
Nellie's,nellies-chicago,http://www.yelp.com/biz/nellies-chicago,155
Evergreen Restaurant,evergreen-restaurant-chicago,http://www.yelp.com/biz/evergreen-restaurant-chicago,87
Over Easy Café,over-easy-café-chicago-2,http://www.yelp.com/biz/over-easy-caf%C3%A9-chicago-2,746
Sushi Junki,sushi-junki-berwyn,http://www.yelp.com/biz/sushi-junki-berwyn,55
Aloha Eats,aloha-eats-chicago,http://www.yelp.com/biz/aloha-eats-chicago,640
