Eleven Madison Park,eleven-madison-park-new-york,http://www.yelp.com/biz/eleven-madison-park-new-york,1042
Gramercy Tavern,gramercy-tavern-new-york,http://www.yelp.com/biz/gramercy-tavern-new-york,1372
La Sirene,la-sirene-new-york,http://www.yelp.com/biz/la-sirene-new-york,976
Gotham Bar And Grill,gotham-bar-and-grill-new-york,http://www.yelp.com/biz/gotham-bar-and-grill-new-york,834
Club A Steakhouse,club-a-steakhouse-new-york,http://www.yelp.com/biz/club-a-steakhouse-new-york,1368
Sakagura,sakagura-new-york,http://www.yelp.com/biz/sakagura-new-york,946
ABC Kitchen,abc-kitchen-new-york,http://www.yelp.com/biz/abc-kitchen-new-york,1383
Daniel,daniel-new-york,http://www.yelp.com/biz/daniel-new-york,829
Perilla Restaurant,perilla-restaurant-new-york,http://www.yelp.com/biz/perilla-restaurant-new-york,1050
Ai Fiori,ai-fiori-new-york,http://www.yelp.com/biz/ai-fiori-new-york,507
Scarpetta,scarpetta-new-york,http://www.yelp.com/biz/scarpetta-new-york,917
The River Café,the-river-café-brooklyn-3,http://www.yelp.com/biz/the-river-caf%C3%A9-brooklyn-3,403
Buddakan,buddakan-new-york,http://www.yelp.com/biz/buddakan-new-york,1794
Gordon Ramsay at The London,gordon-ramsay-at-the-london-new-york,http://www.yelp.com/biz/gordon-ramsay-at-the-london-new-york,278
Balthazar Restaurant,balthazar-restaurant-new-york,http://www.yelp.com/biz/balthazar-restaurant-new-york,1644
ilili,ilili-new-york-2,http://www.yelp.com/biz/ilili-new-york-2,1233
Sushi Yasuda,sushi-yasuda-new-york,http://www.yelp.com/biz/sushi-yasuda-new-york,1171
Bianca Restaurant,bianca-restaurant-new-york,http://www.yelp.com/biz/bianca-restaurant-new-york,789
Rouge Tomate,rouge-tomate-new-york,http://www.yelp.com/biz/rouge-tomate-new-york,507
Ootoya,ootoya-new-york,http://www.yelp.com/biz/ootoya-new-york,407
Hatsuhana Sushi Restaurant,hatsuhana-sushi-restaurant-new-york,http://www.yelp.com/biz/hatsuhana-sushi-restaurant-new-york,538
Victor's Cafe,victors-cafe-new-york-6,http://www.yelp.com/biz/victors-cafe-new-york-6,630
Pylos,pylos-new-york,http://www.yelp.com/biz/pylos-new-york,656
Lupa,lupa-new-york,http://www.yelp.com/biz/lupa-new-york,900
Trattoria Trecolori,trattoria-trecolori-new-york,http://www.yelp.com/biz/trattoria-trecolori-new-york,672
Joe's Shanghai,joes-shanghai-new-york-2,http://www.yelp.com/biz/joes-shanghai-new-york-2,2644
Pure Thai Cookhouse,pure-thai-cookhouse-new-york,http://www.yelp.com/biz/pure-thai-cookhouse-new-york,923
The NoMad Restaurant,the-nomad-restaurant-new-york,http://www.yelp.com/biz/the-nomad-restaurant-new-york,498
Le Bernardin,le-bernardin-new-york,http://www.yelp.com/biz/le-bernardin-new-york,1268
Perry St,perry-st-new-york,http://www.yelp.com/biz/perry-st-new-york,500
Marc Forgione,marc-forgione-new-york-2,http://www.yelp.com/biz/marc-forgione-new-york-2,473
The Capital Grille,the-capital-grille-new-york,http://www.yelp.com/biz/the-capital-grille-new-york,377
Riverpark,riverpark-new-york,http://www.yelp.com/biz/riverpark-new-york,370
Telepan,telepan-new-york,http://www.yelp.com/biz/telepan-new-york,355
Eataly NYC,eataly-nyc-new-york-2,http://www.yelp.com/biz/eataly-nyc-new-york-2,2317
SriPraPhai Thai Restaurant,sripraphai-thai-restaurant-woodside,http://www.yelp.com/biz/sripraphai-thai-restaurant-woodside,1335
Becco Restaurant,becco-restaurant-new-york,http://www.yelp.com/biz/becco-restaurant-new-york,1316
Giano Restaurant,giano-restaurant-new-york,http://www.yelp.com/biz/giano-restaurant-new-york,245
Trattoria L'incontro,trattoria-l-incontro-astoria-2,http://www.yelp.com/biz/trattoria-l-incontro-astoria-2,408
Aureole,aureole-new-york,http://www.yelp.com/biz/aureole-new-york,392
Kori,kori-new-york,http://www.yelp.com/biz/kori-new-york,244
Nyonya,nyonya-new-york,http://www.yelp.com/biz/nyonya-new-york,1005
Robert Restaurant,robert-restaurant-new-york,http://www.yelp.com/biz/robert-restaurant-new-york,310
Il Corallo Trattoria,il-corallo-trattoria-new-york,http://www.yelp.com/biz/il-corallo-trattoria-new-york,432
Mas Farmhouse,mas-farmhouse-new-york,http://www.yelp.com/biz/mas-farmhouse-new-york,347
JoJo,jojo-new-york,http://www.yelp.com/biz/jojo-new-york,363
Cho Dang Gol Korean Restaurant,cho-dang-gol-korean-restaurant-new-york,http://www.yelp.com/biz/cho-dang-gol-korean-restaurant-new-york,432
Tommy Bahama Restaurant & Bar - New York,tommy-bahama-restaurant-and-bar-new-york-new-york,http://www.yelp.com/biz/tommy-bahama-restaurant-and-bar-new-york-new-york,170
Room Service,room-service-new-york-6,http://www.yelp.com/biz/room-service-new-york-6,1188
Les Halles,les-halles-new-york-2,http://www.yelp.com/biz/les-halles-new-york-2,1343
Supper,supper-new-york,http://www.yelp.com/biz/supper-new-york,675
Takesushi,takesushi-sunnyside,http://www.yelp.com/biz/takesushi-sunnyside,144
Malatesta Trattoria,malatesta-trattoria-new-york,http://www.yelp.com/biz/malatesta-trattoria-new-york,642
Sushi Yasaka,sushi-yasaka-new-york,http://www.yelp.com/biz/sushi-yasaka-new-york,492
Spice Market,spice-market-new-york,http://www.yelp.com/biz/spice-market-new-york,1546
Il Triangolo Restaurant,il-triangolo-restaurant-corona,http://www.yelp.com/biz/il-triangolo-restaurant-corona,99
Om Restaurant,om-restaurant-new-york,http://www.yelp.com/biz/om-restaurant-new-york,227
DBGB,dbgb-new-york,http://www.yelp.com/biz/dbgb-new-york,1019
Carmine's,carmines-new-york,http://www.yelp.com/biz/carmines-new-york,1226
Bistango,bistango-new-york-2,http://www.yelp.com/biz/bistango-new-york-2,341
Fig & Olive,fig-and-olive-new-york-2,http://www.yelp.com/biz/fig-and-olive-new-york-2,698
Per Se,per-se-new-york,http://www.yelp.com/biz/per-se-new-york,852
Carmine's,carmines-new-york,http://www.yelp.com/biz/carmines-new-york,1226
Traif,traif-brooklyn,http://www.yelp.com/biz/traif-brooklyn,1121
Dafni Greek Taverna,dafni-greek-taverna-new-york,http://www.yelp.com/biz/dafni-greek-taverna-new-york,437
Wa Jeal Sichuan Chili House,wa-jeal-sichuan-chili-house-new-york,http://www.yelp.com/biz/wa-jeal-sichuan-chili-house-new-york,233
Donguri Restaurant,donguri-restaurant-new-york,http://www.yelp.com/biz/donguri-restaurant-new-york,76
Qi Bangkok Eatery,qi-bangkok-eatery-new-york,http://www.yelp.com/biz/qi-bangkok-eatery-new-york,564
Wondee Siam,wondee-siam-new-york-3,http://www.yelp.com/biz/wondee-siam-new-york-3,592
The Cuban Restaurant and Bar,the-cuban-restaurant-and-bar-hoboken-2,http://www.yelp.com/biz/the-cuban-restaurant-and-bar-hoboken-2,330
Bouley,bouley-new-york-2,http://www.yelp.com/biz/bouley-new-york-2,639
Jungsik,jungsik-new-york,http://www.yelp.com/biz/jungsik-new-york,166
Pippali,pippali-new-york,http://www.yelp.com/biz/pippali-new-york,149
Pó,pó-new-york-2,http://www.yelp.com/biz/p%C3%B3-new-york-2,329
Alta,alta-new-york,http://www.yelp.com/biz/alta-new-york,1162
Toloache,toloache-new-york-2,http://www.yelp.com/biz/toloache-new-york-2,743
Taste Good Malaysian Cuisine,taste-good-malaysian-cuisine-elmhurst,http://www.yelp.com/biz/taste-good-malaysian-cuisine-elmhurst,341
Paprika,paprika-new-york,http://www.yelp.com/biz/paprika-new-york,684
Basso56,basso56-new-york,http://www.yelp.com/biz/basso56-new-york,345
The Little Owl,the-little-owl-new-york,http://www.yelp.com/biz/the-little-owl-new-york,796
Tribeca Grill,tribeca-grill-new-york-2,http://www.yelp.com/biz/tribeca-grill-new-york-2,355
Maialino,maialino-new-york,http://www.yelp.com/biz/maialino-new-york,710
Blue Hill,blue-hill-new-york,http://www.yelp.com/biz/blue-hill-new-york,545
Chef's Table,chefs-table-brooklyn,http://www.yelp.com/biz/chefs-table-brooklyn,162
Cafe Boulud,cafe-boulud-new-york,http://www.yelp.com/biz/cafe-boulud-new-york,315
TAO,tao-new-york-2,http://www.yelp.com/biz/tao-new-york-2,1277
Ornella Trattoria Italiana,ornella-trattoria-italiana-astoria,http://www.yelp.com/biz/ornella-trattoria-italiana-astoria,340
Taverna Kyclades,taverna-kyclades-astoria,http://www.yelp.com/biz/taverna-kyclades-astoria,931
Arirang Korean Restaurant,arirang-korean-restaurant-new-york,http://www.yelp.com/biz/arirang-korean-restaurant-new-york,350
Craftbar,craftbar-new-york,http://www.yelp.com/biz/craftbar-new-york,575
Bar Americain,bar-americain-new-york-2,http://www.yelp.com/biz/bar-americain-new-york-2,866
Cafe Katja,cafe-katja-new-york,http://www.yelp.com/biz/cafe-katja-new-york,424
Ashoka Indian Grill,ashoka-indian-grill-brooklyn,http://www.yelp.com/biz/ashoka-indian-grill-brooklyn,51
Lure Fishbar,lure-fishbar-new-york,http://www.yelp.com/biz/lure-fishbar-new-york,860
Yerba Buena,yerba-buena-new-york,http://www.yelp.com/biz/yerba-buena-new-york,514
Malai Marke Indian Cuisine,malai-marke-indian-cuisine-new-york,http://www.yelp.com/biz/malai-marke-indian-cuisine-new-york,220
26 Seats,26-seats-new-york,http://www.yelp.com/biz/26-seats-new-york,167
L'Artusi,l-artusi-new-york,http://www.yelp.com/biz/l-artusi-new-york,701
Porteno Restaurant,porteno-restaurant-new-york,http://www.yelp.com/biz/porteno-restaurant-new-york,152
Candle 79,candle-79-new-york,http://www.yelp.com/biz/candle-79-new-york,682
Candle 79,candle-79-new-york,http://www.yelp.com/biz/candle-79-new-york,682
Grill 21,grill-21-new-york,http://www.yelp.com/biz/grill-21-new-york,229
Atlantic Grill,atlantic-grill-new-york-2,http://www.yelp.com/biz/atlantic-grill-new-york-2,297
The Mercer Kitchen,the-mercer-kitchen-new-york-3,http://www.yelp.com/biz/the-mercer-kitchen-new-york-3,771
Pinto,pinto-new-york-2,http://www.yelp.com/biz/pinto-new-york-2,560
David Burke Kitchen,david-burke-kitchen-new-york,http://www.yelp.com/biz/david-burke-kitchen-new-york,630
Maharlika,maharlika-new-york,http://www.yelp.com/biz/maharlika-new-york,651
La Esquina Corner Deli,la-esquina-corner-deli-new-york,http://www.yelp.com/biz/la-esquina-corner-deli-new-york,1092
Cafe Habana,cafe-habana-new-york-4,http://www.yelp.com/biz/cafe-habana-new-york-4,2196
Junoon,junoon-new-york,http://www.yelp.com/biz/junoon-new-york,544
The Red Cat,the-red-cat-new-york,http://www.yelp.com/biz/the-red-cat-new-york,419
Danji,danji-new-york,http://www.yelp.com/biz/danji-new-york,445
Fig & Olive,fig-and-olive-new-york-3,http://www.yelp.com/biz/fig-and-olive-new-york-3,483
La Masseria,la-masseria-new-york,http://www.yelp.com/biz/la-masseria-new-york,202
Patzeria Family & Friends,patzeria-family-and-friends-new-york,http://www.yelp.com/biz/patzeria-family-and-friends-new-york,215
Pellegrino's Italian Restaurant,pellegrinos-italian-restaurant-new-york,http://www.yelp.com/biz/pellegrinos-italian-restaurant-new-york,250
Malagueta Restaurant,malagueta-restaurant-astoria,http://www.yelp.com/biz/malagueta-restaurant-astoria,171
Kun Jip,kun-jip-new-york,http://www.yelp.com/biz/kun-jip-new-york,1143
The Capital Grille,the-capital-grille-new-york-2,http://www.yelp.com/biz/the-capital-grille-new-york-2,330
Blue Ribbon Brasserie,blue-ribbon-brasserie-new-york,http://www.yelp.com/biz/blue-ribbon-brasserie-new-york,601
Blue Ribbon Brasserie,blue-ribbon-brasserie-new-york,http://www.yelp.com/biz/blue-ribbon-brasserie-new-york,601
La Pulperia,la-pulperia-new-york,http://www.yelp.com/biz/la-pulperia-new-york,189
Shanghai Heping Restaurant,shanghai-heping-restaurant-new-york,http://www.yelp.com/biz/shanghai-heping-restaurant-new-york,151
Marumi Restaurant,marumi-restaurant-new-york,http://www.yelp.com/biz/marumi-restaurant-new-york,281
Morimoto,morimoto-new-york,http://www.yelp.com/biz/morimoto-new-york,1822
Lincoln Ristorante,lincoln-ristorante-new-york,http://www.yelp.com/biz/lincoln-ristorante-new-york,241
Piccoli Trattoria,piccoli-trattoria-brooklyn,http://www.yelp.com/biz/piccoli-trattoria-brooklyn,170
Tony's Di Napoli,tonys-di-napoli-new-york-4,http://www.yelp.com/biz/tonys-di-napoli-new-york-4,656
Hangawi,hangawi-new-york,http://www.yelp.com/biz/hangawi-new-york,524
Degustation,degustation-new-york,http://www.yelp.com/biz/degustation-new-york,439
Piora,piora-new-york,http://www.yelp.com/biz/piora-new-york,98
Kyo Ya,kyo-ya-new-york,http://www.yelp.com/biz/kyo-ya-new-york,283
Bukhara Grill,bukhara-grill-new-york,http://www.yelp.com/biz/bukhara-grill-new-york,282
Adyar Ananda Bhavan,adyar-ananda-bhavan-new-york,http://www.yelp.com/biz/adyar-ananda-bhavan-new-york,49
Shanghai Café,shanghai-café-new-york-2,http://www.yelp.com/biz/shanghai-caf%C3%A9-new-york-2,1193
Basta Pasta,basta-pasta-new-york,http://www.yelp.com/biz/basta-pasta-new-york,752
Pepolino Restaurant,pepolino-restaurant-new-york,http://www.yelp.com/biz/pepolino-restaurant-new-york,229
Locanda Verde,locanda-verde-new-york,http://www.yelp.com/biz/locanda-verde-new-york,879
Fulton,fulton-new-york,http://www.yelp.com/biz/fulton-new-york,129
Union Square Cafe,union-square-cafe-new-york-3,http://www.yelp.com/biz/union-square-cafe-new-york-3,694
Union Square Cafe,union-square-cafe-new-york-3,http://www.yelp.com/biz/union-square-cafe-new-york-3,694
Amma,amma-new-york,http://www.yelp.com/biz/amma-new-york,256
Casablanca Restaurant,casablanca-restaurant-brooklyn,http://www.yelp.com/biz/casablanca-restaurant-brooklyn,82
The Candle Cafe,the-candle-cafe-new-york-3,http://www.yelp.com/biz/the-candle-cafe-new-york-3,483
PT Restaurant,pt-restaurant-brooklyn,http://www.yelp.com/biz/pt-restaurant-brooklyn,207
Quality Meats,quality-meats-new-york,http://www.yelp.com/biz/quality-meats-new-york,861
Ippudo NY,ippudo-ny-new-york,http://www.yelp.com/biz/ippudo-ny-new-york,6009
Danny Brown Wine Bar & Kitchen,danny-brown-wine-bar-and-kitchen-forest-hills,http://www.yelp.com/biz/danny-brown-wine-bar-and-kitchen-forest-hills,303
Henry's End,henrys-end-brooklyn,http://www.yelp.com/biz/henrys-end-brooklyn,204
Buddha Bodai,buddha-bodai-new-york,http://www.yelp.com/biz/buddha-bodai-new-york,396
Palma,palma-new-york,http://www.yelp.com/biz/palma-new-york,236
Hillstone,hillstone-new-york-2,http://www.yelp.com/biz/hillstone-new-york-2,466
Shanghai Asian Manor,shanghai-asian-manor-new-york,http://www.yelp.com/biz/shanghai-asian-manor-new-york,387
The Harrison,the-harrison-new-york-2,http://www.yelp.com/biz/the-harrison-new-york-2,260
Bohemian Restaurant,bohemian-restaurant-new-york,http://www.yelp.com/biz/bohemian-restaurant-new-york,301
Turkish Kitchen,turkish-kitchen-new-york,http://www.yelp.com/biz/turkish-kitchen-new-york,311
Han Dynasty,han-dynasty-new-york,http://www.yelp.com/biz/han-dynasty-new-york,275
Aldea,aldea-new-york,http://www.yelp.com/biz/aldea-new-york,366
Carbone Ristorante Italiano,carbone-ristorante-italiano-new-york,http://www.yelp.com/biz/carbone-ristorante-italiano-new-york,186
Le Philosophe,le-philosophe-new-york,http://www.yelp.com/biz/le-philosophe-new-york,182
The MasalaWala,the-masalawala-new-york-2,http://www.yelp.com/biz/the-masalawala-new-york-2,303
Hakkasan,hakkasan-new-york,http://www.yelp.com/biz/hakkasan-new-york,278
Parkside Restaurant,parkside-restaurant-corona,http://www.yelp.com/biz/parkside-restaurant-corona,213
Sfoglia Restaurant,sfoglia-restaurant-new-york,http://www.yelp.com/biz/sfoglia-restaurant-new-york,159
Cuba,cuba-new-york,http://www.yelp.com/biz/cuba-new-york,696
Ayada Thai,ayada-thai-elmhurst,http://www.yelp.com/biz/ayada-thai-elmhurst,375
Tito Rad's Grill & Restaurant,tito-rads-grill-and-restaurant-woodside,http://www.yelp.com/biz/tito-rads-grill-and-restaurant-woodside,203
Avra Restaurant,avra-restaurant-new-york,http://www.yelp.com/biz/avra-restaurant-new-york,360
Casa Mono,casa-mono-new-york,http://www.yelp.com/biz/casa-mono-new-york,684
Joya,joya-brooklyn,http://www.yelp.com/biz/joya-brooklyn,707
Etcetera Etcetera,etcetera-etcetera-new-york,http://www.yelp.com/biz/etcetera-etcetera-new-york,205
Jing Fong Restaurant,jing-fong-restaurant-new-york,http://www.yelp.com/biz/jing-fong-restaurant-new-york,972
Hillstone,hillstone-new-york,http://www.yelp.com/biz/hillstone-new-york,403
Hahm Ji Bach,hahm-ji-bach-flushing-2,http://www.yelp.com/biz/hahm-ji-bach-flushing-2,468
Red Bamboo,red-bamboo-new-york,http://www.yelp.com/biz/red-bamboo-new-york,926
Szechuan Gourmet,szechuan-gourmet-new-york,http://www.yelp.com/biz/szechuan-gourmet-new-york,542
Hop Lee Restaurant,hop-lee-restaurant-new-york,http://www.yelp.com/biz/hop-lee-restaurant-new-york,122
Aurora,aurora-brooklyn,http://www.yelp.com/biz/aurora-brooklyn,261
Peking Duck House,peking-duck-house-new-york,http://www.yelp.com/biz/peking-duck-house-new-york,393
Via Trenta Osteria & Wine Bar,via-trenta-osteria-and-wine-bar-astoria,http://www.yelp.com/biz/via-trenta-osteria-and-wine-bar-astoria,199
Via Trenta Osteria & Wine Bar,via-trenta-osteria-and-wine-bar-astoria,http://www.yelp.com/biz/via-trenta-osteria-and-wine-bar-astoria,199
Kefi,kefi-new-york-2,http://www.yelp.com/biz/kefi-new-york-2,813
Amanda's,amandas-hoboken,http://www.yelp.com/biz/amandas-hoboken,254
Blue Ribbon Brasserie Brooklyn,blue-ribbon-brasserie-brooklyn-brooklyn,http://www.yelp.com/biz/blue-ribbon-brasserie-brooklyn-brooklyn,343
Gobo Restaurant,gobo-restaurant-new-york,http://www.yelp.com/biz/gobo-restaurant-new-york,440
Faros Restaurant,faros-restaurant-brooklyn-4,http://www.yelp.com/biz/faros-restaurant-brooklyn-4,98
Ipanema Restaurant,ipanema-restaurant-new-york,http://www.yelp.com/biz/ipanema-restaurant-new-york,266
Giorgio's of Gramercy,giorgios-of-gramercy-new-york,http://www.yelp.com/biz/giorgios-of-gramercy-new-york,438
Gato,gato-new-york,http://www.yelp.com/biz/gato-new-york,129
Seva Indian Cuisine,seva-indian-cuisine-astoria-5,http://www.yelp.com/biz/seva-indian-cuisine-astoria-5,564
Zoma,zoma-new-york,http://www.yelp.com/biz/zoma-new-york,258
Otto Enoteca Pizzeria,otto-enoteca-pizzeria-new-york,http://www.yelp.com/biz/otto-enoteca-pizzeria-new-york,1413
Aquagrill,aquagrill-new-york,http://www.yelp.com/biz/aquagrill-new-york,809
Salinas,salinas-new-york,http://www.yelp.com/biz/salinas-new-york,367
Caracas Arepa Bar,caracas-arepa-bar-new-york,http://www.yelp.com/biz/caracas-arepa-bar-new-york,1944
Asian Jewels Seafood Restaurant,asian-jewels-seafood-restaurant-flushing,http://www.yelp.com/biz/asian-jewels-seafood-restaurant-flushing,497
Print,print-new-york,http://www.yelp.com/biz/print-new-york,296
Thái Son,thái-son-new-york-3,http://www.yelp.com/biz/th%C3%A1i-son-new-york-3,453
ME Casa,me-casa-jersey-city,http://www.yelp.com/biz/me-casa-jersey-city,287
El Parador Cafe,el-parador-cafe-new-york,http://www.yelp.com/biz/el-parador-cafe-new-york,213
Print,print-new-york,http://www.yelp.com/biz/print-new-york,296
Smith & Wollensky,smith-and-wollensky-new-york,http://www.yelp.com/biz/smith-and-wollensky-new-york,654
Nepalese Indian Restaurant,nepalese-indian-restaurant-ridgewood,http://www.yelp.com/biz/nepalese-indian-restaurant-ridgewood,52
Seasonal,seasonal-new-york,http://www.yelp.com/biz/seasonal-new-york,176
Sofrito,sofrito-new-york,http://www.yelp.com/biz/sofrito-new-york,531
ABC Cocina,abc-cocina-new-york,http://www.yelp.com/biz/abc-cocina-new-york,220
Wall & Water,wall-and-water-new-york,http://www.yelp.com/biz/wall-and-water-new-york,132
Graffiti Food & Wine Bar,graffiti-food-and-wine-bar-new-york,http://www.yelp.com/biz/graffiti-food-and-wine-bar-new-york,376
Bistro Petit,bistro-petit-brooklyn,http://www.yelp.com/biz/bistro-petit-brooklyn,192
Yuba,yuba-new-york-2,http://www.yelp.com/biz/yuba-new-york-2,155
Le Parisien,le-parisien-new-york,http://www.yelp.com/biz/le-parisien-new-york,429
The Leopard at des Artistes,the-leopard-at-des-artistes-new-york,http://www.yelp.com/biz/the-leopard-at-des-artistes-new-york,84
wd-50,wd-50-new-york,http://www.yelp.com/biz/wd-50-new-york,770
Piccolo Angolo,piccolo-angolo-new-york,http://www.yelp.com/biz/piccolo-angolo-new-york,222
Edi & the Wolf,edi-and-the-wolf-new-york,http://www.yelp.com/biz/edi-and-the-wolf-new-york,228
Uskudar Turkish Restaurant,uskudar-turkish-restaurant-new-york,http://www.yelp.com/biz/uskudar-turkish-restaurant-new-york,109
Benito One,benito-one-new-york,http://www.yelp.com/biz/benito-one-new-york,116
So Moon Nan Jip,so-moon-nan-jip-palisades-park,http://www.yelp.com/biz/so-moon-nan-jip-palisades-park,211
The Stanton Social,the-stanton-social-new-york,http://www.yelp.com/biz/the-stanton-social-new-york,1806
Ghenet Brooklyn,ghenet-brooklyn-brooklyn,http://www.yelp.com/biz/ghenet-brooklyn-brooklyn,270
Enthaice Thai Kitchen,enthaice-thai-kitchen-astoria,http://www.yelp.com/biz/enthaice-thai-kitchen-astoria,150
Public,public-new-york,http://www.yelp.com/biz/public-new-york,745
Taboon,taboon-new-york,http://www.yelp.com/biz/taboon-new-york,264
Jean-Georges,jean-georges-new-york,http://www.yelp.com/biz/jean-georges-new-york,1007
Stella 34 Trattoria,stella-34-trattoria-new-york,http://www.yelp.com/biz/stella-34-trattoria-new-york,164
Petite Crevette,petite-crevette-brooklyn,http://www.yelp.com/biz/petite-crevette-brooklyn,227
Battersby,battersby-brooklyn,http://www.yelp.com/biz/battersby-brooklyn,174
Momofuku Ssam Bar,momofuku-ssam-bar-new-york-3,http://www.yelp.com/biz/momofuku-ssam-bar-new-york-3,1614
Perla,perla-new-york,http://www.yelp.com/biz/perla-new-york,188
Sing Kee Seafood Restaurant,sing-kee-seafood-restaurant-new-york,http://www.yelp.com/biz/sing-kee-seafood-restaurant-new-york,39
Freemans Restaurant,freemans-restaurant-new-york,http://www.yelp.com/biz/freemans-restaurant-new-york,984
Laut,laut-new-york,http://www.yelp.com/biz/laut-new-york,518
Hudson Clearwater,hudson-clearwater-new-york,http://www.yelp.com/biz/hudson-clearwater-new-york,260
Ethos,ethos-new-york,http://www.yelp.com/biz/ethos-new-york,259
Soy & Sake,soy-and-sake-new-york,http://www.yelp.com/biz/soy-and-sake-new-york,262
Uva,uva-new-york,http://www.yelp.com/biz/uva-new-york,951
Casa Enrique,casa-enrique-long-island-city,http://www.yelp.com/biz/casa-enrique-long-island-city,173
Engeline's Restaurant,engelines-restaurant-woodside,http://www.yelp.com/biz/engelines-restaurant-woodside,80
Tanoreen,tanoreen-brooklyn-2,http://www.yelp.com/biz/tanoreen-brooklyn-2,404
Thirty Acres,thirty-acres-jersey-city,http://www.yelp.com/biz/thirty-acres-jersey-city,260
Kaz An Nou,kaz-an-nou-brooklyn,http://www.yelp.com/biz/kaz-an-nou-brooklyn,324
Thirty Acres,thirty-acres-jersey-city,http://www.yelp.com/biz/thirty-acres-jersey-city,260
Naya Mezze and Grill,naya-mezze-and-grill-new-york,http://www.yelp.com/biz/naya-mezze-and-grill-new-york,178
Commerce,commerce-new-york,http://www.yelp.com/biz/commerce-new-york,381
Moti Mahal Delux,moti-mahal-delux-new-york,http://www.yelp.com/biz/moti-mahal-delux-new-york,137
Le Relais De Venise L'Entrecôte,le-relais-de-venise-l-entrecôte-new-york-2,http://www.yelp.com/biz/le-relais-de-venise-l-entrec%C3%B4te-new-york-2,320
Almayass,almayass-new-york,http://www.yelp.com/biz/almayass-new-york,131
Novita Restaurant,novita-restaurant-new-york,http://www.yelp.com/biz/novita-restaurant-new-york,184
A Cafe New York,a-cafe-new-york-new-york-2,http://www.yelp.com/biz/a-cafe-new-york-new-york-2,188
BCD Tofu House,bcd-tofu-house-new-york-3,http://www.yelp.com/biz/bcd-tofu-house-new-york-3,354
Abyssinia Ethiopian Restaurant,abyssinia-ethiopian-restaurant-new-york,http://www.yelp.com/biz/abyssinia-ethiopian-restaurant-new-york,45
Masala Indian Cuisine,masala-indian-cuisine-woodside-2,http://www.yelp.com/biz/masala-indian-cuisine-woodside-2,168
Soba Totto,soba-totto-new-york,http://www.yelp.com/biz/soba-totto-new-york,339
Tabaré,tabaré-brooklyn-2,http://www.yelp.com/biz/tabar%C3%A9-brooklyn-2,335
Gobo,gobo-new-york,http://www.yelp.com/biz/gobo-new-york,290
Colicchio & Sons Tap Room,colicchio-and-sons-tap-room-new-york,http://www.yelp.com/biz/colicchio-and-sons-tap-room-new-york,124
Sake Bar Hagi,sake-bar-hagi-new-york,http://www.yelp.com/biz/sake-bar-hagi-new-york,971
Noodle Pudding,noodle-pudding-brooklyn,http://www.yelp.com/biz/noodle-pudding-brooklyn,285
Spice Symphony,spice-symphony-new-york,http://www.yelp.com/biz/spice-symphony-new-york,168
Rincon Criollo,rincon-criollo-corona,http://www.yelp.com/biz/rincon-criollo-corona,282
Rincon Criollo,rincon-criollo-corona,http://www.yelp.com/biz/rincon-criollo-corona,282
Tamarind,tamarind-new-york-4,http://www.yelp.com/biz/tamarind-new-york-4,277
Bergen Hill,bergen-hill-brooklyn,http://www.yelp.com/biz/bergen-hill-brooklyn,54
Babbo Ristorante e Enoteca,babbo-ristorante-e-enoteca-new-york,http://www.yelp.com/biz/babbo-ristorante-e-enoteca-new-york,1406
Salt & Fat,salt-and-fat-sunnyside,http://www.yelp.com/biz/salt-and-fat-sunnyside,630
Zenon Taverna,zenon-taverna-astoria,http://www.yelp.com/biz/zenon-taverna-astoria,262
Rosemary's,rosemarys-new-york,http://www.yelp.com/biz/rosemarys-new-york,338
Parmys Persian Fusion,parmys-persian-fusion-new-york,http://www.yelp.com/biz/parmys-persian-fusion-new-york,58
Brasserie,brasserie-new-york,http://www.yelp.com/biz/brasserie-new-york,292
The Loeb Boathouse Lakeside Restaurant,the-loeb-boathouse-lakeside-restaurant-new-york,http://www.yelp.com/biz/the-loeb-boathouse-lakeside-restaurant-new-york,586
Karma Kafe,karma-kafe-hoboken,http://www.yelp.com/biz/karma-kafe-hoboken,244
Song,song-brooklyn,http://www.yelp.com/biz/song-brooklyn,669
Il Buco,il-buco-new-york,http://www.yelp.com/biz/il-buco-new-york,301
Il Corso,il-corso-new-york,http://www.yelp.com/biz/il-corso-new-york,130
Sinigual,sinigual-new-york,http://www.yelp.com/biz/sinigual-new-york,285
Gandhi Fine Indian Cuisine,gandhi-fine-indian-cuisine-brooklyn,http://www.yelp.com/biz/gandhi-fine-indian-cuisine-brooklyn,175
Galli Restaurant,galli-restaurant-new-york,http://www.yelp.com/biz/galli-restaurant-new-york,194
Donburiya,donburiya-new-york,http://www.yelp.com/biz/donburiya-new-york,442
Momofuku Ko,momofuku-ko-new-york,http://www.yelp.com/biz/momofuku-ko-new-york,669
Nirvana,nirvana-new-york-2,http://www.yelp.com/biz/nirvana-new-york-2,220
Momofuku Ko,momofuku-ko-new-york,http://www.yelp.com/biz/momofuku-ko-new-york,669
Vitae,vitae-new-york,http://www.yelp.com/biz/vitae-new-york,317
Olea,olea-brooklyn-2,http://www.yelp.com/biz/olea-brooklyn-2,406
Risotteria,risotteria-new-york,http://www.yelp.com/biz/risotteria-new-york,589
Nirvana,nirvana-new-york-2,http://www.yelp.com/biz/nirvana-new-york-2,220
Dhoom Restaurant And Bar,dhoom-restaurant-and-bar-secaucus,http://www.yelp.com/biz/dhoom-restaurant-and-bar-secaucus,42
Paesano of Mulberry Street,paesano-of-mulberry-street-new-york,http://www.yelp.com/biz/paesano-of-mulberry-street-new-york,176
Hell's Kitchen,hells-kitchen-new-york-2,http://www.yelp.com/biz/hells-kitchen-new-york-2,287
Le Bateau Ivre,le-bateau-ivre-new-york-2,http://www.yelp.com/biz/le-bateau-ivre-new-york-2,220
Landmarc,landmarc-new-york-2,http://www.yelp.com/biz/landmarc-new-york-2,370
Zio Ristorante,zio-ristorante-new-york,http://www.yelp.com/biz/zio-ristorante-new-york,109
Bar Boulud,bar-boulud-new-york,http://www.yelp.com/biz/bar-boulud-new-york,487
Vai Restaurant,vai-restaurant-new-york,http://www.yelp.com/biz/vai-restaurant-new-york,147
Reserve Cut,reserve-cut-new-york,http://www.yelp.com/biz/reserve-cut-new-york,26
Thai Market,thai-market-new-york,http://www.yelp.com/biz/thai-market-new-york,450
Pho Grand,pho-grand-new-york-2,http://www.yelp.com/biz/pho-grand-new-york-2,475
Spiga,spiga-new-york,http://www.yelp.com/biz/spiga-new-york,145
La Grenouille,la-grenouille-new-york,http://www.yelp.com/biz/la-grenouille-new-york,200
Tre Dici,tre-dici-new-york-2,http://www.yelp.com/biz/tre-dici-new-york-2,202
Maritime Parc,maritime-parc-jersey-city,http://www.yelp.com/biz/maritime-parc-jersey-city,98
Big Wong King,big-wong-king-new-york,http://www.yelp.com/biz/big-wong-king-new-york,816
Polash,polash-new-york,http://www.yelp.com/biz/polash-new-york,103
Chart House,chart-house-weehawken,http://www.yelp.com/biz/chart-house-weehawken,362
Northern Spy Food Co.,northern-spy-food-co-new-york,http://www.yelp.com/biz/northern-spy-food-co-new-york,616
GP's Restaurant,gps-restaurant-jersey-city-2,http://www.yelp.com/biz/gps-restaurant-jersey-city-2,94
Dirt Candy,dirt-candy-new-york,http://www.yelp.com/biz/dirt-candy-new-york,401
Ethos Gallery 51st,ethos-gallery-51st-new-york,http://www.yelp.com/biz/ethos-gallery-51st-new-york,160
Peasant,peasant-new-york,http://www.yelp.com/biz/peasant-new-york,449
Colonie,colonie-brooklyn,http://www.yelp.com/biz/colonie-brooklyn,253
Pongsri Thai Restaurant,pongsri-thai-restaurant-new-york-2,http://www.yelp.com/biz/pongsri-thai-restaurant-new-york-2,240
Tocqueville,tocqueville-new-york-2,http://www.yelp.com/biz/tocqueville-new-york-2,226
LuAnne's Wild Ginger All-Asian Vegan,luannes-wild-ginger-all-asian-vegan-new-york,http://www.yelp.com/biz/luannes-wild-ginger-all-asian-vegan-new-york,398
Chote Nawab,chote-nawab-new-york,http://www.yelp.com/biz/chote-nawab-new-york,203
Calle Ocho,calle-ocho-new-york,http://www.yelp.com/biz/calle-ocho-new-york,1426
Fig & Olive,fig-and-olive-new-york,http://www.yelp.com/biz/fig-and-olive-new-york,244
China Grill,china-grill-new-york,http://www.yelp.com/biz/china-grill-new-york,275
Cafe Mogador,cafe-mogador-new-york,http://www.yelp.com/biz/cafe-mogador-new-york,1079
Cucharamama,cucharamama-hoboken,http://www.yelp.com/biz/cucharamama-hoboken,191
Brasserie 8 1/2,brasserie-8-1-2-new-york-2,http://www.yelp.com/biz/brasserie-8-1-2-new-york-2,233
Kuma Inn,kuma-inn-new-york,http://www.yelp.com/biz/kuma-inn-new-york,315
Celeste,celeste-new-york,http://www.yelp.com/biz/celeste-new-york,508
Soba-ya,soba-ya-new-york,http://www.yelp.com/biz/soba-ya-new-york,693
Osteria Al Doge,osteria-al-doge-new-york,http://www.yelp.com/biz/osteria-al-doge-new-york,189
East Harbor Seafood Palace,east-harbor-seafood-palace-brooklyn,http://www.yelp.com/biz/east-harbor-seafood-palace-brooklyn,276
Nook,nook-new-york,http://www.yelp.com/biz/nook-new-york,558
Mekong Vietnamese Restaurant,mekong-vietnamese-restaurant-brooklyn,http://www.yelp.com/biz/mekong-vietnamese-restaurant-brooklyn,59
Tout Va Bien,tout-va-bien-new-york,http://www.yelp.com/biz/tout-va-bien-new-york,179
Isola,isola-new-york,http://www.yelp.com/biz/isola-new-york,154
Lucky Eight,lucky-eight-brooklyn-2,http://www.yelp.com/biz/lucky-eight-brooklyn-2,106
Saigon Market,saigon-market-new-york,http://www.yelp.com/biz/saigon-market-new-york,511
Zenkichi,zenkichi-brooklyn,http://www.yelp.com/biz/zenkichi-brooklyn,604
Vareli,vareli-new-york,http://www.yelp.com/biz/vareli-new-york,241
Yerba Buena Perry,yerba-buena-perry-new-york,http://www.yelp.com/biz/yerba-buena-perry-new-york,347
Barbounia,barbounia-new-york,http://www.yelp.com/biz/barbounia-new-york,563
Aburiya Kinnosuke,aburiya-kinnosuke-new-york,http://www.yelp.com/biz/aburiya-kinnosuke-new-york,409
Market Table,market-table-new-york,http://www.yelp.com/biz/market-table-new-york,504
Land,land-new-york,http://www.yelp.com/biz/land-new-york,584
Miranda Restaurant,miranda-restaurant-brooklyn,http://www.yelp.com/biz/miranda-restaurant-brooklyn,155
Barbuto,barbuto-new-york,http://www.yelp.com/biz/barbuto-new-york,403
Hakata Tonton,hakata-tonton-new-york-3,http://www.yelp.com/biz/hakata-tonton-new-york-3,385
North End Grill,north-end-grill-new-york,http://www.yelp.com/biz/north-end-grill-new-york,153
PAO Restaurant,pao-restaurant-new-york,http://www.yelp.com/biz/pao-restaurant-new-york,160
Malay Restaurant,malay-restaurant-flushing,http://www.yelp.com/biz/malay-restaurant-flushing,84
Zengo,zengo-new-york,http://www.yelp.com/biz/zengo-new-york,417
Katsu-Hama,katsu-hama-new-york,http://www.yelp.com/biz/katsu-hama-new-york,472
Wu Liang Ye,wu-liang-ye-new-york,http://www.yelp.com/biz/wu-liang-ye-new-york,278
Don's Bogam,dons-bogam-new-york,http://www.yelp.com/biz/dons-bogam-new-york,488
Bogota Latin Bistro,bogota-latin-bistro-brooklyn,http://www.yelp.com/biz/bogota-latin-bistro-brooklyn,1025
Pisticci,pisticci-new-york,http://www.yelp.com/biz/pisticci-new-york,358
Cafe Asean,cafe-asean-new-york,http://www.yelp.com/biz/cafe-asean-new-york,285
The Dutch,the-dutch-new-york,http://www.yelp.com/biz/the-dutch-new-york,585
Natsumi,natsumi-new-york,http://www.yelp.com/biz/natsumi-new-york,309
Oceana,oceana-new-york-2,http://www.yelp.com/biz/oceana-new-york-2,223
Nobu,nobu-new-york,http://www.yelp.com/biz/nobu-new-york,703
Westville,westville-new-york,http://www.yelp.com/biz/westville-new-york,664
Nino's 46,ninos-46-new-york,http://www.yelp.com/biz/ninos-46-new-york,240
Natural Tofu Restaurant,natural-tofu-restaurant-sunnyside,http://www.yelp.com/biz/natural-tofu-restaurant-sunnyside,193
The Place,the-place-new-york,http://www.yelp.com/biz/the-place-new-york,275
Pio Pio,pio-pio-new-york-7,http://www.yelp.com/biz/pio-pio-new-york-7,829
L'Apicio,l-apicio-new-york,http://www.yelp.com/biz/l-apicio-new-york,176
The Place,the-place-new-york,http://www.yelp.com/biz/the-place-new-york,275
L'Apicio,l-apicio-new-york,http://www.yelp.com/biz/l-apicio-new-york,176
The Grocery,the-grocery-brooklyn,http://www.yelp.com/biz/the-grocery-brooklyn,148
Thainy,thainy-new-york,http://www.yelp.com/biz/thainy-new-york,306
Rebecca's Cuban & Caribbean,rebeccas-cuban-and-caribbean-edgewater,http://www.yelp.com/biz/rebeccas-cuban-and-caribbean-edgewater,69
Juni,juni-new-york,http://www.yelp.com/biz/juni-new-york,45
Beyoglu,beyoglu-new-york,http://www.yelp.com/biz/beyoglu-new-york,524
Aurora Soho,aurora-soho-new-york,http://www.yelp.com/biz/aurora-soho-new-york,199
Taci's Beyti,tacis-beyti-brooklyn,http://www.yelp.com/biz/tacis-beyti-brooklyn,221
Swagat,swagat-new-york,http://www.yelp.com/biz/swagat-new-york,194
Lomzynianka,lomzynianka-brooklyn,http://www.yelp.com/biz/lomzynianka-brooklyn,353
Nobu 57,nobu-57-new-york,http://www.yelp.com/biz/nobu-57-new-york,521
Balaboosta,balaboosta-new-york,http://www.yelp.com/biz/balaboosta-new-york,336
Agnanti,agnanti-astoria,http://www.yelp.com/biz/agnanti-astoria,214
Flor De Mayo,flor-de-mayo-new-york-2,http://www.yelp.com/biz/flor-de-mayo-new-york-2,615
Uncle Ted's Modern Chinese Cuisine,uncle-teds-modern-chinese-cuisine-new-york,http://www.yelp.com/biz/uncle-teds-modern-chinese-cuisine-new-york,89
Da Andrea,da-andrea-new-york,http://www.yelp.com/biz/da-andrea-new-york,345
The Farm On Adderley,the-farm-on-adderley-brooklyn,http://www.yelp.com/biz/the-farm-on-adderley-brooklyn,607
Hot Kitchen,hot-kitchen-new-york,http://www.yelp.com/biz/hot-kitchen-new-york,244
Cafe Cortadito,cafe-cortadito-new-york,http://www.yelp.com/biz/cafe-cortadito-new-york,452
Da Nico Ristorante,da-nico-ristorante-new-york,http://www.yelp.com/biz/da-nico-ristorante-new-york,252
Flor De Mayo,flor-de-mayo-new-york-2,http://www.yelp.com/biz/flor-de-mayo-new-york-2,615
Da Andrea,da-andrea-new-york,http://www.yelp.com/biz/da-andrea-new-york,345
Hanci Turkish Cuisine,hanci-turkish-cuisine-new-york,http://www.yelp.com/biz/hanci-turkish-cuisine-new-york,108
IL Passatore,il-passatore-brooklyn,http://www.yelp.com/biz/il-passatore-brooklyn,249
Dovetail,dovetail-new-york,http://www.yelp.com/biz/dovetail-new-york,454
Hop Kee,hop-kee-new-york,http://www.yelp.com/biz/hop-kee-new-york,440
Amali,amali-new-york-3,http://www.yelp.com/biz/amali-new-york-3,112
The View Restaurant & Lounge,the-view-restaurant-and-lounge-new-york,http://www.yelp.com/biz/the-view-restaurant-and-lounge-new-york,375
Ootoya,ootoya-new-york-2,http://www.yelp.com/biz/ootoya-new-york-2,101
Miss Korea BBQ,miss-korea-bbq-new-york,http://www.yelp.com/biz/miss-korea-bbq-new-york,547
Yefsi Estiatorio,yefsi-estiatorio-new-york,http://www.yelp.com/biz/yefsi-estiatorio-new-york,96
EN Japanese Brasserie,en-japanese-brasserie-new-york,http://www.yelp.com/biz/en-japanese-brasserie-new-york,782
The Capital Grille,the-capital-grille-new-york-3,http://www.yelp.com/biz/the-capital-grille-new-york-3,236
Asea Fusion & Yakitori Lounge,asea-fusion-and-yakitori-lounge-brooklyn,http://www.yelp.com/biz/asea-fusion-and-yakitori-lounge-brooklyn,68
Valenca Restaurant,valenca-restaurant-elizabeth,http://www.yelp.com/biz/valenca-restaurant-elizabeth,184
Trattoria Dell'Arte,trattoria-dellarte-new-york,http://www.yelp.com/biz/trattoria-dellarte-new-york,300
Rouge Et Blanc,rouge-et-blanc-new-york,http://www.yelp.com/biz/rouge-et-blanc-new-york,146
Orso,orso-new-york,http://www.yelp.com/biz/orso-new-york,77
El Pote Español Restaurant,el-pote-español-restaurant-new-york-2,http://www.yelp.com/biz/el-pote-espa%C3%B1ol-restaurant-new-york-2,64
Trattoria Dell'Arte,trattoria-dellarte-new-york,http://www.yelp.com/biz/trattoria-dellarte-new-york,300
Khe-Yo,khe-yo-new-york,http://www.yelp.com/biz/khe-yo-new-york,141
Orso,orso-new-york,http://www.yelp.com/biz/orso-new-york,77
Momofuku Noodle Bar,momofuku-noodle-bar-new-york,http://www.yelp.com/biz/momofuku-noodle-bar-new-york,2449
Da Gennaro,da-gennaro-new-york,http://www.yelp.com/biz/da-gennaro-new-york,162
Chao Thai Restaurant,chao-thai-restaurant-elmhurst,http://www.yelp.com/biz/chao-thai-restaurant-elmhurst,207
At Nine Restaurant & Bar,at-nine-restaurant-and-bar-new-york,http://www.yelp.com/biz/at-nine-restaurant-and-bar-new-york,82
Portalia,portalia-astoria,http://www.yelp.com/biz/portalia-astoria,150
Ravagh Persian Grill,ravagh-persian-grill-new-york-2,http://www.yelp.com/biz/ravagh-persian-grill-new-york-2,279
Ruay Thai,ruay-thai-new-york,http://www.yelp.com/biz/ruay-thai-new-york,220
Souvlaki GR,souvlaki-gr-new-york-3,http://www.yelp.com/biz/souvlaki-gr-new-york-3,306
A Voce,a-voce-new-york,http://www.yelp.com/biz/a-voce-new-york,222
Blue Ribbon Sushi,blue-ribbon-sushi-new-york,http://www.yelp.com/biz/blue-ribbon-sushi-new-york,652
Little Basil,little-basil-new-york-2,http://www.yelp.com/biz/little-basil-new-york-2,185
Rosa Mexicano,rosa-mexicano-new-york-6,http://www.yelp.com/biz/rosa-mexicano-new-york-6,554
Inakaya,inakaya-new-york,http://www.yelp.com/biz/inakaya-new-york,206
Rue 57,rue-57-new-york,http://www.yelp.com/biz/rue-57-new-york,523
Crispo,crispo-new-york,http://www.yelp.com/biz/crispo-new-york,522
Gyu-Kaku Japanese BBQ,gyu-kaku-japanese-bbq-new-york,http://www.yelp.com/biz/gyu-kaku-japanese-bbq-new-york,916
Pongsri Thai Restaurant,pongsri-thai-restaurant-new-york-6,http://www.yelp.com/biz/pongsri-thai-restaurant-new-york-6,211
Maloney & Porcelli,maloney-and-porcelli-new-york,http://www.yelp.com/biz/maloney-and-porcelli-new-york,172
Laico's,laicos-jersey-city,http://www.yelp.com/biz/laicos-jersey-city,71
Gennaro,gennaro-new-york-2,http://www.yelp.com/biz/gennaro-new-york-2,239
Bo Ky Restaurant,bo-ky-restaurant-new-york,http://www.yelp.com/biz/bo-ky-restaurant-new-york,291
Hourglass Tavern,hourglass-tavern-new-york-3,http://www.yelp.com/biz/hourglass-tavern-new-york-3,238
Persepolis,persepolis-new-york,http://www.yelp.com/biz/persepolis-new-york,187
Dekalb Restaurant,dekalb-restaurant-brooklyn,http://www.yelp.com/biz/dekalb-restaurant-brooklyn,31
db bistro moderne,db-bistro-moderne-new-york,http://www.yelp.com/biz/db-bistro-moderne-new-york,421
One If By Land Two If By Sea,one-if-by-land-two-if-by-sea-new-york,http://www.yelp.com/biz/one-if-by-land-two-if-by-sea-new-york,915
Marseille,marseille-new-york,http://www.yelp.com/biz/marseille-new-york,451
Black Duck,black-duck-new-york-2,http://www.yelp.com/biz/black-duck-new-york-2,153
Pala,pala-new-york,http://www.yelp.com/biz/pala-new-york,397
Blue Fin,blue-fin-new-york,http://www.yelp.com/biz/blue-fin-new-york,529
The Water Club,the-water-club-new-york,http://www.yelp.com/biz/the-water-club-new-york,179
Red Rooster,red-rooster-new-york-2,http://www.yelp.com/biz/red-rooster-new-york-2,999
Vinegar Hill House,vinegar-hill-house-brooklyn,http://www.yelp.com/biz/vinegar-hill-house-brooklyn,411
Kotobuki Manhattan,kotobuki-manhattan-new-york,http://www.yelp.com/biz/kotobuki-manhattan-new-york,263
Mercato,mercato-new-york,http://www.yelp.com/biz/mercato-new-york,267
Satis Bistro,satis-bistro-jersey-city,http://www.yelp.com/biz/satis-bistro-jersey-city,270
De Mole,de-mole-woodside,http://www.yelp.com/biz/de-mole-woodside,373
Bocca Di Bacco,bocca-di-bacco-new-york-2,http://www.yelp.com/biz/bocca-di-bacco-new-york-2,352
Kotobuki Manhattan,kotobuki-manhattan-new-york,http://www.yelp.com/biz/kotobuki-manhattan-new-york,263
Komegashi Too,komegashi-too-jersey-city,http://www.yelp.com/biz/komegashi-too-jersey-city,190
Satis Bistro,satis-bistro-jersey-city,http://www.yelp.com/biz/satis-bistro-jersey-city,270
Al Di La Trattoria,al-di-la-trattoria-brooklyn,http://www.yelp.com/biz/al-di-la-trattoria-brooklyn,471
Chola Eclectic Indian Cuisine,chola-eclectic-indian-cuisine-new-york,http://www.yelp.com/biz/chola-eclectic-indian-cuisine-new-york,340
Noodies,noodies-new-york,http://www.yelp.com/biz/noodies-new-york,195
Vin et Fleurs,vin-et-fleurs-new-york,http://www.yelp.com/biz/vin-et-fleurs-new-york,229
Watawa Sushi,watawa-sushi-astoria,http://www.yelp.com/biz/watawa-sushi-astoria,419
Ocean Grill,ocean-grill-new-york,http://www.yelp.com/biz/ocean-grill-new-york,334
Locanda Vini e Olii,locanda-vini-e-olii-brooklyn,http://www.yelp.com/biz/locanda-vini-e-olii-brooklyn,153
Spina,spina-new-york,http://www.yelp.com/biz/spina-new-york,242
Rumba Cubana,rumba-cubana-north-bergen,http://www.yelp.com/biz/rumba-cubana-north-bergen,200
Pio Pio,pio-pio-new-york-4,http://www.yelp.com/biz/pio-pio-new-york-4,474
RedFarm,redfarm-new-york,http://www.yelp.com/biz/redfarm-new-york,332
Fonda,fonda-brooklyn,http://www.yelp.com/biz/fonda-brooklyn,378
Chez Napoleon,chez-napoleon-new-york,http://www.yelp.com/biz/chez-napoleon-new-york,131
Guy's American Kitchen and Bar,guys-american-kitchen-and-bar-new-york-2,http://www.yelp.com/biz/guys-american-kitchen-and-bar-new-york-2,476
Elia Restaurant,elia-restaurant-brooklyn-2,http://www.yelp.com/biz/elia-restaurant-brooklyn-2,59
Ristorante Grifone,ristorante-grifone-new-york,http://www.yelp.com/biz/ristorante-grifone-new-york,53
Jubilee,jubilee-new-york-2,http://www.yelp.com/biz/jubilee-new-york-2,98
Risotteria Melotti,risotteria-melotti-new-york-2,http://www.yelp.com/biz/risotteria-melotti-new-york-2,48
Ajisai Japanese Restaurant,ajisai-japanese-restaurant-new-york-2,http://www.yelp.com/biz/ajisai-japanese-restaurant-new-york-2,268
Sapthagiri Taste Of India,sapthagiri-taste-of-india-jersey-city,http://www.yelp.com/biz/sapthagiri-taste-of-india-jersey-city,158
Samudra Vegetarian Restaurant & Chaat House,samudra-vegetarian-restaurant-and-chaat-house-jackson-heights,http://www.yelp.com/biz/samudra-vegetarian-restaurant-and-chaat-house-jackson-heights,57
Red Egg,red-egg-new-york-3,http://www.yelp.com/biz/red-egg-new-york-3,401
Cafe Mogador,cafe-mogador-brooklyn,http://www.yelp.com/biz/cafe-mogador-brooklyn,270
Good Restaurant,good-restaurant-new-york,http://www.yelp.com/biz/good-restaurant-new-york,299
Frankies 457,frankies-457-brooklyn,http://www.yelp.com/biz/frankies-457-brooklyn,432
Totto Ramen,totto-ramen-new-york,http://www.yelp.com/biz/totto-ramen-new-york,2366
The Greek,the-greek-new-york,http://www.yelp.com/biz/the-greek-new-york,72
Buttermilk Channel,buttermilk-channel-brooklyn,http://www.yelp.com/biz/buttermilk-channel-brooklyn,898
Up Thai,up-thai-new-york,http://www.yelp.com/biz/up-thai-new-york,120
Minetta Tavern,minetta-tavern-new-york,http://www.yelp.com/biz/minetta-tavern-new-york,1161
Great NY Noodle Town,great-ny-noodle-town-new-york,http://www.yelp.com/biz/great-ny-noodle-town-new-york,613
Sushi House 21,sushi-house-21-newark-2,http://www.yelp.com/biz/sushi-house-21-newark-2,28
Trattoria Il Mulino,trattoria-il-mulino-new-york,http://www.yelp.com/biz/trattoria-il-mulino-new-york,52
Crema,crema-new-york,http://www.yelp.com/biz/crema-new-york,336
Delhi Heights,delhi-heights-jackson-heights,http://www.yelp.com/biz/delhi-heights-jackson-heights,193
Awash Ethiopian Restaurant,awash-ethiopian-restaurant-new-york-2,http://www.yelp.com/biz/awash-ethiopian-restaurant-new-york-2,228
Delhi Heights,delhi-heights-jackson-heights,http://www.yelp.com/biz/delhi-heights-jackson-heights,193
Awash Ethiopian Restaurant,awash-ethiopian-restaurant-new-york-2,http://www.yelp.com/biz/awash-ethiopian-restaurant-new-york-2,228
Northeast Kingdom,northeast-kingdom-brooklyn,http://www.yelp.com/biz/northeast-kingdom-brooklyn,377
Wo Hop,wo-hop-new-york,http://www.yelp.com/biz/wo-hop-new-york,539
Milan Restaurant,milan-restaurant-brooklyn-2,http://www.yelp.com/biz/milan-restaurant-brooklyn-2,32
El Cocotero,el-cocotero-new-york,http://www.yelp.com/biz/el-cocotero-new-york,296
Boqueria,boqueria-new-york,http://www.yelp.com/biz/boqueria-new-york,658
Okeanos,okeanos-brooklyn,http://www.yelp.com/biz/okeanos-brooklyn,154
Dos Caminos,dos-caminos-new-york-2,http://www.yelp.com/biz/dos-caminos-new-york-2,690
Franchia Vegan Cafe,franchia-vegan-cafe-new-york,http://www.yelp.com/biz/franchia-vegan-cafe-new-york,342
Gino's,ginos-brooklyn,http://www.yelp.com/biz/ginos-brooklyn,209
Sushi Nakazawa,sushi-nakazawa-new-york,http://www.yelp.com/biz/sushi-nakazawa-new-york,188
Five Stars Thai Cuisine,five-stars-thai-cuisine-union-city-2,http://www.yelp.com/biz/five-stars-thai-cuisine-union-city-2,152
Baby Bo's Cantina,baby-bos-cantina-new-york,http://www.yelp.com/biz/baby-bos-cantina-new-york,332
Tre,tre-new-york,http://www.yelp.com/biz/tre-new-york,264
Scalini Fedeli,scalini-fedeli-new-york,http://www.yelp.com/biz/scalini-fedeli-new-york,167
La Vie En Szechuan,la-vie-en-szechuan-new-york-2,http://www.yelp.com/biz/la-vie-en-szechuan-new-york-2,146
Bistro Chat Noir,bistro-chat-noir-new-york,http://www.yelp.com/biz/bistro-chat-noir-new-york,104
232,232-brooklyn,http://www.yelp.com/biz/232-brooklyn,66
Matisse,matisse-new-york-2,http://www.yelp.com/biz/matisse-new-york-2,172
La Isla Restaurant,la-isla-restaurant-hoboken,http://www.yelp.com/biz/la-isla-restaurant-hoboken,429
Kum Gang San Restaurant,kum-gang-san-restaurant-flushing,http://www.yelp.com/biz/kum-gang-san-restaurant-flushing,214
Bengal Tiger Indian Food,bengal-tiger-indian-food-new-york,http://www.yelp.com/biz/bengal-tiger-indian-food-new-york,64
Scalini Fedeli,scalini-fedeli-new-york,http://www.yelp.com/biz/scalini-fedeli-new-york,167
232,232-brooklyn,http://www.yelp.com/biz/232-brooklyn,66
Fragole Ristorante,fragole-ristorante-brooklyn,http://www.yelp.com/biz/fragole-ristorante-brooklyn,199
Manzo,manzo-new-york,http://www.yelp.com/biz/manzo-new-york,143
Sip Sak,sip-sak-new-york,http://www.yelp.com/biz/sip-sak-new-york,178
Ollie's,ollies-new-york-3,http://www.yelp.com/biz/ollies-new-york-3,203
Vesta,vesta-astoria,http://www.yelp.com/biz/vesta-astoria,452
Emporio,emporio-new-york,http://www.yelp.com/biz/emporio-new-york,341
The Nuaa,the-nuaa-new-york,http://www.yelp.com/biz/the-nuaa-new-york,108
Xixa,xixa-brooklyn,http://www.yelp.com/biz/xixa-brooklyn,215
Spring Street Natural Restaurant,spring-street-natural-restaurant-new-york,http://www.yelp.com/biz/spring-street-natural-restaurant-new-york,502
Jane,jane-new-york-2,http://www.yelp.com/biz/jane-new-york-2,1603
Shimizu,shimizu-new-york,http://www.yelp.com/biz/shimizu-new-york,159
La Mangeoire,la-mangeoire-new-york,http://www.yelp.com/biz/la-mangeoire-new-york,134
The Bosphorus,the-bosphorus-nutley-5,http://www.yelp.com/biz/the-bosphorus-nutley-5,94
Fishtag,fishtag-new-york,http://www.yelp.com/biz/fishtag-new-york,216
Petit Oven,petit-oven-brooklyn,http://www.yelp.com/biz/petit-oven-brooklyn,83
Empellón Taqueria,empellón-taqueria-new-york,http://www.yelp.com/biz/empell%C3%B3n-taqueria-new-york,356
Juventino,juventino-brooklyn,http://www.yelp.com/biz/juventino-brooklyn,290
ReSette,resette-new-york,http://www.yelp.com/biz/resette-new-york,207
Charrito's,charritos-hoboken-3,http://www.yelp.com/biz/charritos-hoboken-3,220
Wajima Japanese Restaurant,wajima-japanese-restaurant-new-york,http://www.yelp.com/biz/wajima-japanese-restaurant-new-york,108
Mama Rao Cucina Italiana,mama-rao-cucina-italiana-brooklyn,http://www.yelp.com/biz/mama-rao-cucina-italiana-brooklyn,43
Brick Lane Curry House,brick-lane-curry-house-new-york,http://www.yelp.com/biz/brick-lane-curry-house-new-york,597
Turkish Cuisine,turkish-cuisine-new-york,http://www.yelp.com/biz/turkish-cuisine-new-york,143
Dell'Anima,dellanima-new-york,http://www.yelp.com/biz/dellanima-new-york,384
Carbone,carbone-new-york,http://www.yelp.com/biz/carbone-new-york,153
Cabana Restaurant,cabana-restaurant-new-york,http://www.yelp.com/biz/cabana-restaurant-new-york,257
Hearth,hearth-new-york,http://www.yelp.com/biz/hearth-new-york,372
Momokawa,momokawa-new-york,http://www.yelp.com/biz/momokawa-new-york,150
Turkish Grill,turkish-grill-sunnyside,http://www.yelp.com/biz/turkish-grill-sunnyside,184
Rosa Mexicano,rosa-mexicano-new-york-3,http://www.yelp.com/biz/rosa-mexicano-new-york-3,807
Dos Caminos,dos-caminos-new-york-5,http://www.yelp.com/biz/dos-caminos-new-york-5,646
Arharn Thai Restaurant,arharn-thai-restaurant-astoria,http://www.yelp.com/biz/arharn-thai-restaurant-astoria,106
Almond,almond-new-york,http://www.yelp.com/biz/almond-new-york,543
Smorgas Chef,smorgas-chef-new-york-6,http://www.yelp.com/biz/smorgas-chef-new-york-6,185
Wallsé,wallsé-new-york-2,http://www.yelp.com/biz/walls%C3%A9-new-york-2,131
Wallsé,wallsé-new-york-2,http://www.yelp.com/biz/walls%C3%A9-new-york-2,131
Yakitori Tori Shin,yakitori-tori-shin-new-york-2,http://www.yelp.com/biz/yakitori-tori-shin-new-york-2,174
Delmonico's Kitchen,delmonicos-kitchen-new-york-3,http://www.yelp.com/biz/delmonicos-kitchen-new-york-3,99
Arharn Thai Restaurant,arharn-thai-restaurant-astoria,http://www.yelp.com/biz/arharn-thai-restaurant-astoria,106
Imperial Palace,imperial-palace-flushing,http://www.yelp.com/biz/imperial-palace-flushing,189
Harlow,harlow-new-york-2,http://www.yelp.com/biz/harlow-new-york-2,42
Light Horse Tavern,light-horse-tavern-jersey-city-3,http://www.yelp.com/biz/light-horse-tavern-jersey-city-3,294
Snack Taverna,snack-taverna-new-york,http://www.yelp.com/biz/snack-taverna-new-york,219
Ruby Foo's,ruby-foos-new-york,http://www.yelp.com/biz/ruby-foos-new-york,407
Art House Restaurant,art-house-restaurant-new-york,http://www.yelp.com/biz/art-house-restaurant-new-york,8
Arriba Arriba,arriba-arriba-new-york,http://www.yelp.com/biz/arriba-arriba-new-york,443
Rose Water Restaurant,rose-water-restaurant-brooklyn,http://www.yelp.com/biz/rose-water-restaurant-brooklyn,325
Zero Otto Nove Manhattan,zero-otto-nove-manhattan-new-york,http://www.yelp.com/biz/zero-otto-nove-manhattan-new-york,157
Curry Club,curry-club-new-york,http://www.yelp.com/biz/curry-club-new-york,29
Saigon Cafe,saigon-cafe-jersey-city,http://www.yelp.com/biz/saigon-cafe-jersey-city,134
Qi,qi-new-york,http://www.yelp.com/biz/qi-new-york,354
Marea,marea-new-york,http://www.yelp.com/biz/marea-new-york,842
La Mela Ristorante,la-mela-ristorante-new-york,http://www.yelp.com/biz/la-mela-ristorante-new-york,357
Candle Cafe West,candle-cafe-west-new-york,http://www.yelp.com/biz/candle-cafe-west-new-york,148
Land of Plenty,land-of-plenty-new-york,http://www.yelp.com/biz/land-of-plenty-new-york,121
Potjanee Thai Restaurant,potjanee-thai-restaurant-new-york,http://www.yelp.com/biz/potjanee-thai-restaurant-new-york,166
National,national-brooklyn-2,http://www.yelp.com/biz/national-brooklyn-2,199
Antibes Bistro,antibes-bistro-new-york,http://www.yelp.com/biz/antibes-bistro-new-york,281
Betony,betony-new-york,http://www.yelp.com/biz/betony-new-york,142
Himalayan Yak Restaurant,himalayan-yak-restaurant-jackson-heights,http://www.yelp.com/biz/himalayan-yak-restaurant-jackson-heights,199
Il Tinello Ristorante,il-tinello-ristorante-new-york,http://www.yelp.com/biz/il-tinello-ristorante-new-york,67
A Voce,a-voce-new-york-3,http://www.yelp.com/biz/a-voce-new-york-3,307
The Elm,the-elm-williamsburg,http://www.yelp.com/biz/the-elm-williamsburg,98
Pig and Khao,pig-and-khao-new-york,http://www.yelp.com/biz/pig-and-khao-new-york,355
Chez Lucienne,chez-lucienne-new-york,http://www.yelp.com/biz/chez-lucienne-new-york,232
Excellent Pork Chop House,excellent-pork-chop-house-new-york,http://www.yelp.com/biz/excellent-pork-chop-house-new-york,336
Chimu Peruvian Cuisine & Steak House,chimu-peruvian-cuisine-and-steak-house-brooklyn,http://www.yelp.com/biz/chimu-peruvian-cuisine-and-steak-house-brooklyn,361
Upstate,upstate-new-york-2,http://www.yelp.com/biz/upstate-new-york-2,571
Dosa Royale,dosa-royale-brooklyn,http://www.yelp.com/biz/dosa-royale-brooklyn,46
La Granja Peruana Restaurant,la-granja-peruana-restaurant-brooklyn,http://www.yelp.com/biz/la-granja-peruana-restaurant-brooklyn,31
Momo Sushi Shack,momo-sushi-shack-brooklyn,http://www.yelp.com/biz/momo-sushi-shack-brooklyn,389
Cafeteria,cafeteria-new-york,http://www.yelp.com/biz/cafeteria-new-york,1709
Atera,atera-new-york,http://www.yelp.com/biz/atera-new-york,67
Dayi'nin Yeri,dayinin-yeri-cliffside-park,http://www.yelp.com/biz/dayinin-yeri-cliffside-park,97
Landmarc,landmarc-new-york,http://www.yelp.com/biz/landmarc-new-york,596
Café Moto,café-moto-brooklyn,http://www.yelp.com/biz/caf%C3%A9-moto-brooklyn,389
Cafeteria,cafeteria-new-york,http://www.yelp.com/biz/cafeteria-new-york,1709
Moldova Restaurant,moldova-restaurant-brooklyn-2,http://www.yelp.com/biz/moldova-restaurant-brooklyn-2,42
Momofuku Má Pêche,momofuku-má-pêche-new-york-2,http://www.yelp.com/biz/momofuku-m%C3%A1-p%C3%AAche-new-york-2,547
Psari Seafood Restaurant & Bar,psari-seafood-restaurant-and-bar-astoria,http://www.yelp.com/biz/psari-seafood-restaurant-and-bar-astoria,187
Morandi,morandi-new-york,http://www.yelp.com/biz/morandi-new-york,360
The National Bar and Dining Rooms,the-national-bar-and-dining-rooms-new-york-2,http://www.yelp.com/biz/the-national-bar-and-dining-rooms-new-york-2,292
Scottadito Osteria Toscana,scottadito-osteria-toscana-brooklyn,http://www.yelp.com/biz/scottadito-osteria-toscana-brooklyn,452
Iron Chef House,iron-chef-house-brooklyn,http://www.yelp.com/biz/iron-chef-house-brooklyn,205
Lot 2,lot-2-brooklyn-2,http://www.yelp.com/biz/lot-2-brooklyn-2,159
Sapphire Indian Cuisine,sapphire-indian-cuisine-new-york,http://www.yelp.com/biz/sapphire-indian-cuisine-new-york,167
BKNY Thai Restaurant,bkny-thai-restaurant-bayside,http://www.yelp.com/biz/bkny-thai-restaurant-bayside,375
El Quijote Bar & Restaurant,el-quijote-bar-and-restaurant-new-york-2,http://www.yelp.com/biz/el-quijote-bar-and-restaurant-new-york-2,193
Thai Terminal,thai-terminal-new-york-2,http://www.yelp.com/biz/thai-terminal-new-york-2,344
La Bonne Soupe,la-bonne-soupe-new-york,http://www.yelp.com/biz/la-bonne-soupe-new-york,412
Sila Thai Restaurant,sila-thai-restaurant-woodside,http://www.yelp.com/biz/sila-thai-restaurant-woodside,37
Enoteca Maria,enoteca-maria-staten-island-3,http://www.yelp.com/biz/enoteca-maria-staten-island-3,125
Gaia Italian Café,gaia-italian-café-new-york,http://www.yelp.com/biz/gaia-italian-caf%C3%A9-new-york,392
Dieci,dieci-new-york,http://www.yelp.com/biz/dieci-new-york,245
Thalia Restaurant,thalia-restaurant-new-york,http://www.yelp.com/biz/thalia-restaurant-new-york,376
Thalia Restaurant,thalia-restaurant-new-york,http://www.yelp.com/biz/thalia-restaurant-new-york,376
Bunker Vietnamese,bunker-vietnamese-ridgewood,http://www.yelp.com/biz/bunker-vietnamese-ridgewood,231
Madame Claude Cafe,madame-claude-cafe-jersey-city,http://www.yelp.com/biz/madame-claude-cafe-jersey-city,201
Fatty Fish Restaurant,fatty-fish-restaurant-new-york,http://www.yelp.com/biz/fatty-fish-restaurant-new-york,240
Pepe Giallo,pepe-giallo-new-york,http://www.yelp.com/biz/pepe-giallo-new-york,187
Dee Thai Restaurant,dee-thai-restaurant-sunnyside-191,http://www.yelp.com/biz/dee-thai-restaurant-sunnyside-191,190
The Mermaid Inn,the-mermaid-inn-new-york-2,http://www.yelp.com/biz/the-mermaid-inn-new-york-2,460
Heidelberg Restaurant,heidelberg-restaurant-new-york,http://www.yelp.com/biz/heidelberg-restaurant-new-york,325
Lafayette,lafayette-new-york-2,http://www.yelp.com/biz/lafayette-new-york-2,257
Cagen Japan Restaurant,cagen-japan-restaurant-new-york-2,http://www.yelp.com/biz/cagen-japan-restaurant-new-york-2,38
Dim Sum Go Go,dim-sum-go-go-new-york,http://www.yelp.com/biz/dim-sum-go-go-new-york,404
Frank,frank-new-york,http://www.yelp.com/biz/frank-new-york,355
Sole di Capri,sole-di-capri-new-york,http://www.yelp.com/biz/sole-di-capri-new-york,112
Pata Negra,pata-negra-new-york,http://www.yelp.com/biz/pata-negra-new-york,232
Tutto A Modo Mio,tutto-a-modo-mio-ridgefield,http://www.yelp.com/biz/tutto-a-modo-mio-ridgefield,67
Shabu-Tatsu East Village,shabu-tatsu-east-village-new-york,http://www.yelp.com/biz/shabu-tatsu-east-village-new-york,342
The Fig Tree Restaurant,the-fig-tree-restaurant-hoboken,http://www.yelp.com/biz/the-fig-tree-restaurant-hoboken,84
456 Shanghai Cuisine,456-shanghai-cuisine-new-york,http://www.yelp.com/biz/456-shanghai-cuisine-new-york,222
Tuk Tuk,tuk-tuk-long-island-city,http://www.yelp.com/biz/tuk-tuk-long-island-city,285
Bacaro,bacaro-new-york,http://www.yelp.com/biz/bacaro-new-york,233
Lan Cafe,lan-cafe-new-york-3,http://www.yelp.com/biz/lan-cafe-new-york-3,185
Zabb Elee,zabb-elee-new-york,http://www.yelp.com/biz/zabb-elee-new-york,273
102 Noodles Town,102-noodles-town-new-york,http://www.yelp.com/biz/102-noodles-town-new-york,265
Buenos Aires,buenos-aires-new-york,http://www.yelp.com/biz/buenos-aires-new-york,223
Convivium Osteria,convivium-osteria-brooklyn,http://www.yelp.com/biz/convivium-osteria-brooklyn,262
Spicy & Tasty,spicy-and-tasty-flushing,http://www.yelp.com/biz/spicy-and-tasty-flushing,247
August,august-new-york,http://www.yelp.com/biz/august-new-york,301
Blue Ribbon Sushi Bar & Grill,blue-ribbon-sushi-bar-and-grill-new-york,http://www.yelp.com/biz/blue-ribbon-sushi-bar-and-grill-new-york,348
Sura Thai Kitchen,sura-thai-kitchen-new-york,http://www.yelp.com/biz/sura-thai-kitchen-new-york,211
Papa's Kitchen,papas-kitchen-woodside,http://www.yelp.com/biz/papas-kitchen-woodside,25
Blue Smoke,blue-smoke-new-york,http://www.yelp.com/biz/blue-smoke-new-york,1001
Anthony David's,anthony-davids-hoboken,http://www.yelp.com/biz/anthony-davids-hoboken,211
Cookshop,cookshop-new-york,http://www.yelp.com/biz/cookshop-new-york,895
Hunan Kitchen of Grand Sichuan,hunan-kitchen-of-grand-sichuan-flushing,http://www.yelp.com/biz/hunan-kitchen-of-grand-sichuan-flushing,124
Shun Lee West,shun-lee-west-new-york,http://www.yelp.com/biz/shun-lee-west-new-york,203
SoCo,soco-brooklyn,http://www.yelp.com/biz/soco-brooklyn,649
Da Marcella,da-marcella-new-york,http://www.yelp.com/biz/da-marcella-new-york,94
Nice Matin,nice-matin-new-york,http://www.yelp.com/biz/nice-matin-new-york,362
Pio Pio Peruvian Restaurant,pio-pio-peruvian-restaurant-new-york,http://www.yelp.com/biz/pio-pio-peruvian-restaurant-new-york,339
Takahachi,takahachi-new-york,http://www.yelp.com/biz/takahachi-new-york,300
Takahachi,takahachi-new-york,http://www.yelp.com/biz/takahachi-new-york,300
Westville,westville-new-york-5,http://www.yelp.com/biz/westville-new-york-5,641
Buvette,buvette-new-york,http://www.yelp.com/biz/buvette-new-york,394
The Marshal,the-marshal-new-york,http://www.yelp.com/biz/the-marshal-new-york,128
La Vara,la-vara-brooklyn,http://www.yelp.com/biz/la-vara-brooklyn,132
Mogu Sushi,mogu-sushi-flushing,http://www.yelp.com/biz/mogu-sushi-flushing,98
Hunan Manor,hunan-manor-new-york,http://www.yelp.com/biz/hunan-manor-new-york,89
Moim,moim-brooklyn,http://www.yelp.com/biz/moim-brooklyn,143
Dong Yi Feng - Good Kitchen Seafood Restaurant,dong-yi-feng-good-kitchen-seafood-restaurant-flushing,http://www.yelp.com/biz/dong-yi-feng-good-kitchen-seafood-restaurant-flushing,149
Clyde Frazier's Wine and Dine,clyde-fraziers-wine-and-dine-new-york,http://www.yelp.com/biz/clyde-fraziers-wine-and-dine-new-york,161
Jack the Horse Tavern,jack-the-horse-tavern-brooklyn,http://www.yelp.com/biz/jack-the-horse-tavern-brooklyn,232
Katsuno,katsuno-forest-hills,http://www.yelp.com/biz/katsuno-forest-hills,76
69 Chinese Restaurant,69-chinese-restaurant-new-york,http://www.yelp.com/biz/69-chinese-restaurant-new-york,231
La Taqueria Kermes,la-taqueria-kermes-ridgewood,http://www.yelp.com/biz/la-taqueria-kermes-ridgewood,110
Distilled,distilled-new-york,http://www.yelp.com/biz/distilled-new-york,184
Vespa,vespa-new-york,http://www.yelp.com/biz/vespa-new-york,195
Pescatore Restaurant,pescatore-restaurant-new-york,http://www.yelp.com/biz/pescatore-restaurant-new-york,207
Tuscan Hills,tuscan-hills-forest-hills,http://www.yelp.com/biz/tuscan-hills-forest-hills,181
A.O.C.,a-o-c-new-york,http://www.yelp.com/biz/a-o-c-new-york,281
Puerto Viejo,puerto-viejo-brooklyn,http://www.yelp.com/biz/puerto-viejo-brooklyn,119
North Square,north-square-new-york,http://www.yelp.com/biz/north-square-new-york,192
Pescatore Restaurant,pescatore-restaurant-new-york,http://www.yelp.com/biz/pescatore-restaurant-new-york,207
Cafe Condesa,cafe-condesa-new-york,http://www.yelp.com/biz/cafe-condesa-new-york,280
Fatty Crab,fatty-crab-new-york,http://www.yelp.com/biz/fatty-crab-new-york,573
Cafe D'Alsace,cafe-d-alsace-new-york,http://www.yelp.com/biz/cafe-d-alsace-new-york,528
Petite Soo Chow,petite-soo-chow-cliffside-park,http://www.yelp.com/biz/petite-soo-chow-cliffside-park,257
La Villette,la-villette-new-york,http://www.yelp.com/biz/la-villette-new-york,83
Dover,dover-brooklyn,http://www.yelp.com/biz/dover-brooklyn,37
Marani,marani-rego-park-2,http://www.yelp.com/biz/marani-rego-park-2,29
Go Go Thai,go-go-thai-new-york,http://www.yelp.com/biz/go-go-thai-new-york,112
Lao Dong Bei Restaurant,lao-dong-bei-restaurant-flushing,http://www.yelp.com/biz/lao-dong-bei-restaurant-flushing,48
Do or Dine,do-or-dine-brooklyn,http://www.yelp.com/biz/do-or-dine-brooklyn,314
Nai Tapas Bar,nai-tapas-bar-new-york,http://www.yelp.com/biz/nai-tapas-bar-new-york,411
MangoSeed Restaurant,mangoseed-restaurant-brooklyn-2,http://www.yelp.com/biz/mangoseed-restaurant-brooklyn-2,171
Artisanal Fromagerie and Bistro,artisanal-fromagerie-and-bistro-new-york-3,http://www.yelp.com/biz/artisanal-fromagerie-and-bistro-new-york-3,694
Yakitori Taisho,yakitori-taisho-new-york,http://www.yelp.com/biz/yakitori-taisho-new-york,976
Szechuan Palace,szechuan-palace-new-york-2,http://www.yelp.com/biz/szechuan-palace-new-york-2,46
Spasso,spasso-new-york,http://www.yelp.com/biz/spasso-new-york,179
Wasan,wasan-new-york,http://www.yelp.com/biz/wasan-new-york,108
Feast,feast-new-york,http://www.yelp.com/biz/feast-new-york,182
Wasan,wasan-new-york,http://www.yelp.com/biz/wasan-new-york,108
Gaetana's,gaetanas-new-york,http://www.yelp.com/biz/gaetanas-new-york,148
Tartine,tartine-new-york,http://www.yelp.com/biz/tartine-new-york,576
Flor de Mayo,flor-de-mayo-new-york-3,http://www.yelp.com/biz/flor-de-mayo-new-york-3,234
Havana Central,havana-central-new-york-6,http://www.yelp.com/biz/havana-central-new-york-6,657
Zum Stammtisch,zum-stammtisch-glendale,http://www.yelp.com/biz/zum-stammtisch-glendale,177
La Lanterna di Vittorio,la-lanterna-di-vittorio-new-york,http://www.yelp.com/biz/la-lanterna-di-vittorio-new-york,570
Belli Osteria,belli-osteria-brooklyn,http://www.yelp.com/biz/belli-osteria-brooklyn,63
Topaz Thai Restaurant,topaz-thai-restaurant-belleville,http://www.yelp.com/biz/topaz-thai-restaurant-belleville,143
La Boite En Bois,la-boite-en-bois-new-york,http://www.yelp.com/biz/la-boite-en-bois-new-york,105
Pio Pio,pio-pio-jackson-heights,http://www.yelp.com/biz/pio-pio-jackson-heights,573
Village Taverna,village-taverna-new-york,http://www.yelp.com/biz/village-taverna-new-york,96
Smorgas Chef,smorgas-chef-new-york-7,http://www.yelp.com/biz/smorgas-chef-new-york-7,81
Gong Modern Thai Dining,gong-modern-thai-dining-new-york,http://www.yelp.com/biz/gong-modern-thai-dining-new-york,128
Rotisserie Georgette,rotisserie-georgette-new-york,http://www.yelp.com/biz/rotisserie-georgette-new-york,47
The Good Fork,the-good-fork-brooklyn,http://www.yelp.com/biz/the-good-fork-brooklyn,248
Taureau,taureau-new-york,http://www.yelp.com/biz/taureau-new-york,380
Tiny Thai,tiny-thai-new-york,http://www.yelp.com/biz/tiny-thai-new-york,191
Galanga,galanga-new-york,http://www.yelp.com/biz/galanga-new-york,274
Barrio Chino,barrio-chino-new-york,http://www.yelp.com/biz/barrio-chino-new-york,673
Locale,locale-astoria,http://www.yelp.com/biz/locale-astoria,366
Spicy Shallot,spicy-shallot-elmhurst,http://www.yelp.com/biz/spicy-shallot-elmhurst,202
Le Barricou,le-barricou-brooklyn,http://www.yelp.com/biz/le-barricou-brooklyn,525
Tiny Thai,tiny-thai-new-york,http://www.yelp.com/biz/tiny-thai-new-york,191
Galanga,galanga-new-york,http://www.yelp.com/biz/galanga-new-york,274
Casa Vasca,casa-vasca-newark,http://www.yelp.com/biz/casa-vasca-newark,71
Joseph Leonard,joseph-leonard-new-york,http://www.yelp.com/biz/joseph-leonard-new-york,324
Fu Run,fu-run-flushing,http://www.yelp.com/biz/fu-run-flushing,183
83 1/2,83-1-2-new-york,http://www.yelp.com/biz/83-1-2-new-york,40
Sofra Mediterranean Cafe & Bistro,sofra-mediterranean-cafe-and-bistro-sunnyside,http://www.yelp.com/biz/sofra-mediterranean-cafe-and-bistro-sunnyside,44
Rucola,rucola-brooklyn,http://www.yelp.com/biz/rucola-brooklyn,194
Nomad,nomad-new-york,http://www.yelp.com/biz/nomad-new-york,276
Karczma,karczma-brooklyn,http://www.yelp.com/biz/karczma-brooklyn,201
Testo,testo-brooklyn,http://www.yelp.com/biz/testo-brooklyn,57
Fonda,fonda-new-york,http://www.yelp.com/biz/fonda-new-york,253
Trattoria Saporito,trattoria-saporito-hoboken-2,http://www.yelp.com/biz/trattoria-saporito-hoboken-2,99
Osteria Giotto,osteria-giotto-montclair,http://www.yelp.com/biz/osteria-giotto-montclair,188
Deux Amis,deux-amis-new-york,http://www.yelp.com/biz/deux-amis-new-york,53
Ancora Italian Restaurant,ancora-italian-restaurant-new-york,http://www.yelp.com/biz/ancora-italian-restaurant-new-york,63
Limon Restaurant,limon-restaurant-new-york,http://www.yelp.com/biz/limon-restaurant-new-york,109
Arte Restaurant,arte-restaurant-new-york-2,http://www.yelp.com/biz/arte-restaurant-new-york-2,37
Osteria Giotto,osteria-giotto-montclair,http://www.yelp.com/biz/osteria-giotto-montclair,188
Beyti Restaurant,beyti-restaurant-union-city,http://www.yelp.com/biz/beyti-restaurant-union-city,64
SUSHISAMBA Gramercy,sushisamba-gramercy-new-york-3,http://www.yelp.com/biz/sushisamba-gramercy-new-york-3,410
Curry-Ya,curry-ya-new-york,http://www.yelp.com/biz/curry-ya-new-york,380
Adrienne's Pizza Bar,adriennes-pizza-bar-new-york,http://www.yelp.com/biz/adriennes-pizza-bar-new-york,640
Patrizia's Pizza and Pasta,patrizias-pizza-and-pasta-brooklyn-2,http://www.yelp.com/biz/patrizias-pizza-and-pasta-brooklyn-2,197
Atrium Dumbo,atrium-dumbo-brooklyn,http://www.yelp.com/biz/atrium-dumbo-brooklyn,87
Gu Shine Taiwanese Restaurant,gu-shine-taiwanese-restaurant-flushing-2,http://www.yelp.com/biz/gu-shine-taiwanese-restaurant-flushing-2,193
Uncle Peter's Restaurant,uncle-peters-restaurant-jackson-heights,http://www.yelp.com/biz/uncle-peters-restaurant-jackson-heights,51
Tournesol,tournesol-long-island-city,http://www.yelp.com/biz/tournesol-long-island-city,227
Mémé Mediterranean,mémé-mediterranean-new-york-4,http://www.yelp.com/biz/m%C3%A9m%C3%A9-mediterranean-new-york-4,224
Pinocchio Ristorante,pinocchio-ristorante-new-york,http://www.yelp.com/biz/pinocchio-ristorante-new-york,116
Saxon + Parole,saxon-parole-new-york,http://www.yelp.com/biz/saxon-parole-new-york,357
The Clam,the-clam-new-york,http://www.yelp.com/biz/the-clam-new-york,38
Salumeria Rosi Parmacotto,salumeria-rosi-parmacotto-new-york-2,http://www.yelp.com/biz/salumeria-rosi-parmacotto-new-york-2,237
V-Note,v-note-new-york,http://www.yelp.com/biz/v-note-new-york,315
Triomphe,triomphe-new-york-2,http://www.yelp.com/biz/triomphe-new-york-2,69
Circo,circo-new-york,http://www.yelp.com/biz/circo-new-york,106
Max Brenner,max-brenner-new-york,http://www.yelp.com/biz/max-brenner-new-york,2297
Zabb Elee,zabb-elee-woodside,http://www.yelp.com/biz/zabb-elee-woodside,104
Barosa,barosa-rego-park,http://www.yelp.com/biz/barosa-rego-park,100
Angelo's,angelos-new-york-2,http://www.yelp.com/biz/angelos-new-york-2,193
SUD vino & cucina,sud-vino-and-cucina-brooklyn-2,http://www.yelp.com/biz/sud-vino-and-cucina-brooklyn-2,99
Lolita's Restaurant,lolitas-restaurant-new-york,http://www.yelp.com/biz/lolitas-restaurant-new-york,142
Pearl & Ash,pearl-and-ash-new-york,http://www.yelp.com/biz/pearl-and-ash-new-york,159
Pasha Restaurant,pasha-restaurant-new-york,http://www.yelp.com/biz/pasha-restaurant-new-york,188
Pera Mediterranean Brasserie,pera-mediterranean-brasserie-new-york,http://www.yelp.com/biz/pera-mediterranean-brasserie-new-york,225
La Piccola Cucina,la-piccola-cucina-new-york,http://www.yelp.com/biz/la-piccola-cucina-new-york,32
Piccolo Fiore,piccolo-fiore-new-york,http://www.yelp.com/biz/piccolo-fiore-new-york,93
Rockin' Raw,rockin-raw-new-york-2,http://www.yelp.com/biz/rockin-raw-new-york-2,130
Chateau De Alik,chateau-de-alik-brooklyn,http://www.yelp.com/biz/chateau-de-alik-brooklyn,50
Mr Chow,mr-chow-new-york-2,http://www.yelp.com/biz/mr-chow-new-york-2,164
Lombardi's Pizza,lombardis-pizza-new-york,http://www.yelp.com/biz/lombardis-pizza-new-york,3628
Touch Of Spice,touch-of-spice-weehawken,http://www.yelp.com/biz/touch-of-spice-weehawken,66
Rocking Horse Cafe,rocking-horse-cafe-new-york,http://www.yelp.com/biz/rocking-horse-cafe-new-york,300
Scarlatto,scarlatto-new-york,http://www.yelp.com/biz/scarlatto-new-york,169
Blossom,blossom-new-york-2,http://www.yelp.com/biz/blossom-new-york-2,524
Flex Mussels,flex-mussels-new-york,http://www.yelp.com/biz/flex-mussels-new-york,486
Brasserie Les Halles,brasserie-les-halles-new-york-2,http://www.yelp.com/biz/brasserie-les-halles-new-york-2,466
Ouest,ouest-new-york,http://www.yelp.com/biz/ouest-new-york,193
Giovanni Rana Pastificio & Cucina,giovanni-rana-pastificio-and-cucina-new-york,http://www.yelp.com/biz/giovanni-rana-pastificio-and-cucina-new-york,190
The Waverly Inn,the-waverly-inn-new-york,http://www.yelp.com/biz/the-waverly-inn-new-york,231
Yakitori Totto,yakitori-totto-new-york,http://www.yelp.com/biz/yakitori-totto-new-york,756
Breeze Thai-French Kitchen,breeze-thai-french-kitchen-new-york,http://www.yelp.com/biz/breeze-thai-french-kitchen-new-york,262
Mesa Coyoacan,mesa-coyoacan-brooklyn,http://www.yelp.com/biz/mesa-coyoacan-brooklyn,423
Pho Tay Ho,pho-tay-ho-brooklyn,http://www.yelp.com/biz/pho-tay-ho-brooklyn,160
Wild Edibles,wild-edibles-new-york,http://www.yelp.com/biz/wild-edibles-new-york,310
Marlow & Sons,marlow-and-sons-brooklyn-2,http://www.yelp.com/biz/marlow-and-sons-brooklyn-2,360
Cafecito,cafecito-new-york,http://www.yelp.com/biz/cafecito-new-york,256
Brasserie Les Halles,brasserie-les-halles-new-york-2,http://www.yelp.com/biz/brasserie-les-halles-new-york-2,466
L'Express,l-express-new-york-3,http://www.yelp.com/biz/l-express-new-york-3,506
River Deli,river-deli-brooklyn,http://www.yelp.com/biz/river-deli-brooklyn,80
Kafana,kafana-new-york,http://www.yelp.com/biz/kafana-new-york,208
Osteria Laguna Restaurant,osteria-laguna-restaurant-new-york,http://www.yelp.com/biz/osteria-laguna-restaurant-new-york,135
Amarone Restaurant,amarone-restaurant-new-york,http://www.yelp.com/biz/amarone-restaurant-new-york,97
Ariana Afghan Kebab Restaurant,ariana-afghan-kebab-restaurant-new-york,http://www.yelp.com/biz/ariana-afghan-kebab-restaurant-new-york,212
Paisano's Restaurant,paisanos-restaurant-rutherford,http://www.yelp.com/biz/paisanos-restaurant-rutherford,147
Taverna Kyclades East Village,taverna-kyclades-east-village-new-york,http://www.yelp.com/biz/taverna-kyclades-east-village-new-york,153
The Wright,the-wright-new-york,http://www.yelp.com/biz/the-wright-new-york,40
Taverna Kyclades East Village,taverna-kyclades-east-village-new-york,http://www.yelp.com/biz/taverna-kyclades-east-village-new-york,153
The Wright,the-wright-new-york,http://www.yelp.com/biz/the-wright-new-york,40
Panca,panca-new-york,http://www.yelp.com/biz/panca-new-york,190
Rafele Ristorante,rafele-ristorante-new-york,http://www.yelp.com/biz/rafele-ristorante-new-york,130
Toloache 82,toloache-82-new-york,http://www.yelp.com/biz/toloache-82-new-york,137
Sazon,sazon-new-york,http://www.yelp.com/biz/sazon-new-york,338
Rye,rye-brooklyn,http://www.yelp.com/biz/rye-brooklyn,400
Szechuan Gourmet,szechuan-gourmet-new-york-4,http://www.yelp.com/biz/szechuan-gourmet-new-york-4,192
Buster's,busters-new-york,http://www.yelp.com/biz/busters-new-york,93
Ellary's Greens,ellarys-greens-new-york,http://www.yelp.com/biz/ellarys-greens-new-york,119
Manetta's Fine Foods,manettas-fine-foods-long-island-city,http://www.yelp.com/biz/manettas-fine-foods-long-island-city,151
Sam Won Gak,sam-won-gak-flushing,http://www.yelp.com/biz/sam-won-gak-flushing,79
Hunan Delight,hunan-delight-new-york,http://www.yelp.com/biz/hunan-delight-new-york,102
Indus Valley,indus-valley-new-york,http://www.yelp.com/biz/indus-valley-new-york,193
Applewood,applewood-brooklyn,http://www.yelp.com/biz/applewood-brooklyn,310
Talde,talde-brooklyn,http://www.yelp.com/biz/talde-brooklyn,528
Darbar Grill,darbar-grill-new-york,http://www.yelp.com/biz/darbar-grill-new-york,229
Firenze Ristorante,firenze-ristorante-new-york,http://www.yelp.com/biz/firenze-ristorante-new-york,122
Lucien,lucien-new-york,http://www.yelp.com/biz/lucien-new-york,162
Tia Pol,tia-pol-new-york,http://www.yelp.com/biz/tia-pol-new-york,487
Samurai Mama,samurai-mama-brooklyn,http://www.yelp.com/biz/samurai-mama-brooklyn,247
Talde,talde-brooklyn,http://www.yelp.com/biz/talde-brooklyn,528
Greensquare Tavern,greensquare-tavern-new-york,http://www.yelp.com/biz/greensquare-tavern-new-york,171
Left Bank,left-bank-new-york,http://www.yelp.com/biz/left-bank-new-york,115
The Bar Room at The Modern,the-bar-room-at-the-modern-new-york,http://www.yelp.com/biz/the-bar-room-at-the-modern-new-york,288
Maguro,maguro-new-york,http://www.yelp.com/biz/maguro-new-york,131
Lucien,lucien-new-york,http://www.yelp.com/biz/lucien-new-york,162
Tia Pol,tia-pol-new-york,http://www.yelp.com/biz/tia-pol-new-york,487
Sabores Restaurante Mexicano,sabores-restaurante-mexicano-hoboken-2,http://www.yelp.com/biz/sabores-restaurante-mexicano-hoboken-2,167
Teodora,teodora-new-york,http://www.yelp.com/biz/teodora-new-york,76
Lucali,lucali-brooklyn-3,http://www.yelp.com/biz/lucali-brooklyn-3,589
The House,the-house-new-york,http://www.yelp.com/biz/the-house-new-york,221
Café Ollin,café-ollin-new-york-3,http://www.yelp.com/biz/caf%C3%A9-ollin-new-york-3,206
Casimir,casimir-new-york,http://www.yelp.com/biz/casimir-new-york,248
Bourbon Street Bar & Grille,bourbon-street-bar-and-grille-new-york,http://www.yelp.com/biz/bourbon-street-bar-and-grille-new-york,394
Rosa Mexicano,rosa-mexicano-new-york-5,http://www.yelp.com/biz/rosa-mexicano-new-york-5,251
Hiroko's Place,hirokos-place-new-york,http://www.yelp.com/biz/hirokos-place-new-york,191
The Islands,the-islands-brooklyn-2,http://www.yelp.com/biz/the-islands-brooklyn-2,336
Ravagh Persian Grill,ravagh-persian-grill-new-york,http://www.yelp.com/biz/ravagh-persian-grill-new-york,119
Palo Santo,palo-santo-brooklyn,http://www.yelp.com/biz/palo-santo-brooklyn,251
Monsignor's Restaurant,monsignors-restaurant-brooklyn,http://www.yelp.com/biz/monsignors-restaurant-brooklyn,74
Lantern Thai,lantern-thai-new-york-2,http://www.yelp.com/biz/lantern-thai-new-york-2,183
Bugs,bugs-new-york,http://www.yelp.com/biz/bugs-new-york,60
Rosa Mexicano,rosa-mexicano-new-york-5,http://www.yelp.com/biz/rosa-mexicano-new-york-5,251
Canton Gourmet,canton-gourmet-flushing,http://www.yelp.com/biz/canton-gourmet-flushing,115
Nan Xiang Dumpling House,nan-xiang-dumpling-house-flushing,http://www.yelp.com/biz/nan-xiang-dumpling-house-flushing,972
Roberto's,robertos-bronx,http://www.yelp.com/biz/robertos-bronx,120
Robataya NY,robataya-ny-new-york,http://www.yelp.com/biz/robataya-ny-new-york,315
Harry's Cafe & Steak,harrys-cafe-and-steak-new-york-2,http://www.yelp.com/biz/harrys-cafe-and-steak-new-york-2,306
Sylvia's Restaurant,sylvias-restaurant-new-york,http://www.yelp.com/biz/sylvias-restaurant-new-york,575
David Burke Townhouse,david-burke-townhouse-new-york,http://www.yelp.com/biz/david-burke-townhouse-new-york,572
Jackson Diner,jackson-diner-jackson-heights,http://www.yelp.com/biz/jackson-diner-jackson-heights,366
Hibino,hibino-brooklyn,http://www.yelp.com/biz/hibino-brooklyn,246
Excellent Dumpling House,excellent-dumpling-house-new-york,http://www.yelp.com/biz/excellent-dumpling-house-new-york,249
Shi,shi-long-island-city,http://www.yelp.com/biz/shi-long-island-city,335
Il Poeta,il-poeta-forest-hills,http://www.yelp.com/biz/il-poeta-forest-hills,81
Waters Edge Restaurant,waters-edge-restaurant-long-island-city,http://www.yelp.com/biz/waters-edge-restaurant-long-island-city,107
Thailand's Center Point,thailands-center-point-woodside-2,http://www.yelp.com/biz/thailands-center-point-woodside-2,102
Selamat Pagi,selamat-pagi-brooklyn,http://www.yelp.com/biz/selamat-pagi-brooklyn,86
Il Colosseo,il-colosseo-brooklyn,http://www.yelp.com/biz/il-colosseo-brooklyn,67
Il Poeta,il-poeta-forest-hills,http://www.yelp.com/biz/il-poeta-forest-hills,81
Saffron Restaurant,saffron-restaurant-howard-beach,http://www.yelp.com/biz/saffron-restaurant-howard-beach,94
Molyvos,molyvos-new-york,http://www.yelp.com/biz/molyvos-new-york,256
Pars Grill House & Bar,pars-grill-house-and-bar-new-york-2,http://www.yelp.com/biz/pars-grill-house-and-bar-new-york-2,144
Yakiniku West,yakiniku-west-new-york,http://www.yelp.com/biz/yakiniku-west-new-york,343
Village Gourmet,village-gourmet-rutherford,http://www.yelp.com/biz/village-gourmet-rutherford,67
La Palina Restaurant,la-palina-restaurant-brooklyn,http://www.yelp.com/biz/la-palina-restaurant-brooklyn,58
El Centro,el-centro-new-york,http://www.yelp.com/biz/el-centro-new-york,403
El Paso,el-paso-new-york-3,http://www.yelp.com/biz/el-paso-new-york-3,245
Trattoria Belvedere,trattoria-belvedere-new-york-2,http://www.yelp.com/biz/trattoria-belvedere-new-york-2,124
Mira Sushi & Izakaya,mira-sushi-and-izakaya-new-york-2,http://www.yelp.com/biz/mira-sushi-and-izakaya-new-york-2,97
Fukurou,fukurou-new-york,http://www.yelp.com/biz/fukurou-new-york,88
Monte's Trattoria,montes-trattoria-new-york,http://www.yelp.com/biz/montes-trattoria-new-york,128
Blue Planet Grill,blue-planet-grill-new-york,http://www.yelp.com/biz/blue-planet-grill-new-york,172
5 Napkin Burger,5-napkin-burger-new-york,http://www.yelp.com/biz/5-napkin-burger-new-york,1249
The Dining Room at The Modern,the-dining-room-at-the-modern-new-york,http://www.yelp.com/biz/the-dining-room-at-the-modern-new-york,473
Bettolona,bettolona-new-york,http://www.yelp.com/biz/bettolona-new-york,143
KTCHN Restaurant,ktchn-restaurant-new-york,http://www.yelp.com/biz/ktchn-restaurant-new-york,156
Le Singe Vert,le-singe-vert-new-york,http://www.yelp.com/biz/le-singe-vert-new-york,143
Haewoondae Korean Restaurant,haewoondae-korean-restaurant-elmhurst,http://www.yelp.com/biz/haewoondae-korean-restaurant-elmhurst,67
Le Singe Vert,le-singe-vert-new-york,http://www.yelp.com/biz/le-singe-vert-new-york,143
Bombay Duck Co.,bombay-duck-co-new-york,http://www.yelp.com/biz/bombay-duck-co-new-york,118
Momoya,momoya-new-york-2,http://www.yelp.com/biz/momoya-new-york-2,198
Home Restaurant,home-restaurant-new-york-2,http://www.yelp.com/biz/home-restaurant-new-york-2,161
Nom Wah Tea Parlor,nom-wah-tea-parlor-new-york,http://www.yelp.com/biz/nom-wah-tea-parlor-new-york,710
Benares,benares-new-york-2,http://www.yelp.com/biz/benares-new-york-2,102
Chef Yu,chef-yu-new-york,http://www.yelp.com/biz/chef-yu-new-york,271
The Russian Tea Room,the-russian-tea-room-new-york,http://www.yelp.com/biz/the-russian-tea-room-new-york,408
Odeon,odeon-new-york,http://www.yelp.com/biz/odeon-new-york,346
Jade Asian Restaurant & Caterer,jade-asian-restaurant-and-caterer-flushing,http://www.yelp.com/biz/jade-asian-restaurant-and-caterer-flushing,332
James,james-brooklyn-2,http://www.yelp.com/biz/james-brooklyn-2,239
Ponche Taqueria & Cantina,ponche-taqueria-and-cantina-new-york,http://www.yelp.com/biz/ponche-taqueria-and-cantina-new-york,198
Narcissa,narcissa-new-york,http://www.yelp.com/biz/narcissa-new-york,54
Clinton St. Baking Company,clinton-st-baking-company-new-york-2,http://www.yelp.com/biz/clinton-st-baking-company-new-york-2,2242
Fish,fish-new-york,http://www.yelp.com/biz/fish-new-york,803
Bar Pitti,bar-pitti-new-york,http://www.yelp.com/biz/bar-pitti-new-york,390
Japonica,japonica-new-york,http://www.yelp.com/biz/japonica-new-york,231
Extra Virgin,extra-virgin-new-york,http://www.yelp.com/biz/extra-virgin-new-york,734
Satay Malaysian Cuisine,satay-malaysian-cuisine-hoboken-2,http://www.yelp.com/biz/satay-malaysian-cuisine-hoboken-2,238
Anella,anella-brooklyn,http://www.yelp.com/biz/anella-brooklyn,218
The Smith,the-smith-new-york,http://www.yelp.com/biz/the-smith-new-york,1154
ICI - French Country Kitchen,ici-french-country-kitchen-brooklyn,http://www.yelp.com/biz/ici-french-country-kitchen-brooklyn,173
Sao Mai,sao-mai-new-york,http://www.yelp.com/biz/sao-mai-new-york,205
Contra,contra-new-york,http://www.yelp.com/biz/contra-new-york,53
Food Gallery 32,food-gallery-32-new-york,http://www.yelp.com/biz/food-gallery-32-new-york,390
Samurai Fusion Sushi,samurai-fusion-sushi-brooklyn,http://www.yelp.com/biz/samurai-fusion-sushi-brooklyn,60
Anella,anella-brooklyn,http://www.yelp.com/biz/anella-brooklyn,218
Sweetwater Restaurant,sweetwater-restaurant-brooklyn-2,http://www.yelp.com/biz/sweetwater-restaurant-brooklyn-2,197
Umi Nom,umi-nom-brooklyn,http://www.yelp.com/biz/umi-nom-brooklyn,161
Le Midi Bar & Restaurant,le-midi-bar-and-restaurant-new-york-2,http://www.yelp.com/biz/le-midi-bar-and-restaurant-new-york-2,76
Saigon Shack,saigon-shack-new-york,http://www.yelp.com/biz/saigon-shack-new-york,696
Glow Thai,glow-thai-brooklyn,http://www.yelp.com/biz/glow-thai-brooklyn,94
Lantern,lantern-brooklyn,http://www.yelp.com/biz/lantern-brooklyn,223
Madera Cuban Grill and Steakhouse,madera-cuban-grill-and-steakhouse-long-island-city,http://www.yelp.com/biz/madera-cuban-grill-and-steakhouse-long-island-city,147
Maria Pia,maria-pia-new-york,http://www.yelp.com/biz/maria-pia-new-york,154
Markt,markt-new-york-2,http://www.yelp.com/biz/markt-new-york-2,399
Las Ramblas,las-ramblas-new-york,http://www.yelp.com/biz/las-ramblas-new-york,470
Quality Italian,quality-italian-new-york,http://www.yelp.com/biz/quality-italian-new-york,146
Thai Select,thai-select-new-york,http://www.yelp.com/biz/thai-select-new-york,242
Shanghai Cuisine,shanghai-cuisine-new-york,http://www.yelp.com/biz/shanghai-cuisine-new-york,154
SD26,sd26-new-york,http://www.yelp.com/biz/sd26-new-york,255
Shanghai Cuisine,shanghai-cuisine-new-york,http://www.yelp.com/biz/shanghai-cuisine-new-york,154
Nippon,nippon-new-york,http://www.yelp.com/biz/nippon-new-york,84
Machiavelli,machiavelli-manhattan,http://www.yelp.com/biz/machiavelli-manhattan,89
Southgate Restaurant & Bar,southgate-restaurant-and-bar-new-york,http://www.yelp.com/biz/southgate-restaurant-and-bar-new-york,116
ViV,viv-new-york,http://www.yelp.com/biz/viv-new-york,217
Vivolo Restaurant,vivolo-restaurant-new-york-3,http://www.yelp.com/biz/vivolo-restaurant-new-york-3,71
Cafe Matisse,cafe-matisse-rutherford,http://www.yelp.com/biz/cafe-matisse-rutherford,92
Brasserie Cognac,brasserie-cognac-new-york-2,http://www.yelp.com/biz/brasserie-cognac-new-york-2,163
Chimichurri Grill,chimichurri-grill-new-york,http://www.yelp.com/biz/chimichurri-grill-new-york,139
Tink's Restaurant,tinks-restaurant-new-york,http://www.yelp.com/biz/tinks-restaurant-new-york,138
Diner,diner-brooklyn,http://www.yelp.com/biz/diner-brooklyn,519
Surfish Peruvian Bistro,surfish-peruvian-bistro-brooklyn,http://www.yelp.com/biz/surfish-peruvian-bistro-brooklyn,162
St. Anselm,st-anselm-brooklyn,http://www.yelp.com/biz/st-anselm-brooklyn,349
Nizza,nizza-new-york,http://www.yelp.com/biz/nizza-new-york,350
La Palapa,la-palapa-new-york,http://www.yelp.com/biz/la-palapa-new-york,402
Sojourn,sojourn-new-york,http://www.yelp.com/biz/sojourn-new-york,223
La Bota,la-bota-new-york,http://www.yelp.com/biz/la-bota-new-york,150
Umi Sushi,umi-sushi-new-york-2,http://www.yelp.com/biz/umi-sushi-new-york-2,318
Don Coqui Astoria,don-coqui-astoria-astoria,http://www.yelp.com/biz/don-coqui-astoria-astoria,292
La Bota,la-bota-new-york,http://www.yelp.com/biz/la-bota-new-york,150
Diner,diner-brooklyn,http://www.yelp.com/biz/diner-brooklyn,519
Woorijip Authentic Korean Food,woorijip-authentic-korean-food-new-york,http://www.yelp.com/biz/woorijip-authentic-korean-food-new-york,1358
Biang,biang-flushing,http://www.yelp.com/biz/biang-flushing,291
Nha Trang One,nha-trang-one-new-york,http://www.yelp.com/biz/nha-trang-one-new-york,442
Tasty Hand-Pulled Noodles,tasty-hand-pulled-noodles-new-york,http://www.yelp.com/biz/tasty-hand-pulled-noodles-new-york,649
Tacos El Bronco,tacos-el-bronco-brooklyn-2,http://www.yelp.com/biz/tacos-el-bronco-brooklyn-2,164
Brucie,brucie-brooklyn,http://www.yelp.com/biz/brucie-brooklyn,166
Taiwanese Gourmet,taiwanese-gourmet-elmhurst,http://www.yelp.com/biz/taiwanese-gourmet-elmhurst,122
Umi Sushi,umi-sushi-new-york-2,http://www.yelp.com/biz/umi-sushi-new-york-2,318
Enduro,enduro-new-york,http://www.yelp.com/biz/enduro-new-york,56
Blaue Gans,blaue-gans-new-york,http://www.yelp.com/biz/blaue-gans-new-york,197
Moustache Pitza,moustache-pitza-new-york-4,http://www.yelp.com/biz/moustache-pitza-new-york-4,221
Tommy Lasagna,tommy-lasagna-new-york,http://www.yelp.com/biz/tommy-lasagna-new-york,223
Bahari Estiatorio,bahari-estiatorio-astoria,http://www.yelp.com/biz/bahari-estiatorio-astoria,145
Chadwicks Restaurant,chadwicks-restaurant-brooklyn,http://www.yelp.com/biz/chadwicks-restaurant-brooklyn,67
Quintessence,quintessence-new-york-2,http://www.yelp.com/biz/quintessence-new-york-2,303
Udon West,udon-west-new-york,http://www.yelp.com/biz/udon-west-new-york,372
The Meatball Shop,the-meatball-shop-new-york,http://www.yelp.com/biz/the-meatball-shop-new-york,1946
Lulu & Po,lulu-and-po-brooklyn,http://www.yelp.com/biz/lulu-and-po-brooklyn,78
Bahari Estiatorio,bahari-estiatorio-astoria,http://www.yelp.com/biz/bahari-estiatorio-astoria,145
New Tu Do,new-tu-do-new-york,http://www.yelp.com/biz/new-tu-do-new-york,137
Havana Alma de Cuba,havana-alma-de-cuba-new-york,http://www.yelp.com/biz/havana-alma-de-cuba-new-york,490
East Lake Seafood Restaurant,east-lake-seafood-restaurant-flushing,http://www.yelp.com/biz/east-lake-seafood-restaurant-flushing,49
Republic,republic-new-york,http://www.yelp.com/biz/republic-new-york,1145
The Meatball Shop,the-meatball-shop-new-york,http://www.yelp.com/biz/the-meatball-shop-new-york,1946
Quintessence,quintessence-new-york-2,http://www.yelp.com/biz/quintessence-new-york-2,303
Foragers City Table,foragers-city-table-new-york,http://www.yelp.com/biz/foragers-city-table-new-york,98
Rich Village Restaurant,rich-village-restaurant-brooklyn,http://www.yelp.com/biz/rich-village-restaurant-brooklyn,12
Eatery,eatery-new-york,http://www.yelp.com/biz/eatery-new-york,780
Elio's,elios-new-york,http://www.yelp.com/biz/elios-new-york,83
Nusara Thai Kitchen,nusara-thai-kitchen-elmhurst,http://www.yelp.com/biz/nusara-thai-kitchen-elmhurst,115
Sam's Place,sams-place-new-york,http://www.yelp.com/biz/sams-place-new-york,51
Am Thai Bistro,am-thai-bistro-brooklyn,http://www.yelp.com/biz/am-thai-bistro-brooklyn,111
Junior's Restaurant,juniors-restaurant-new-york-6,http://www.yelp.com/biz/juniors-restaurant-new-york-6,1288
BLT Fish,blt-fish-new-york-2,http://www.yelp.com/biz/blt-fish-new-york-2,224
Edward's Steak House,edwards-steak-house-jersey-city,http://www.yelp.com/biz/edwards-steak-house-jersey-city,89
Boon Chu Thai Place,boon-chu-thai-place-elmhurst,http://www.yelp.com/biz/boon-chu-thai-place-elmhurst,98
Carmine's,carmines-new-york-2,http://www.yelp.com/biz/carmines-new-york-2,429
Barbes Restaurant,barbes-restaurant-new-york,http://www.yelp.com/biz/barbes-restaurant-new-york,95
Socarrat Paella Bar,socarrat-paella-bar-new-york,http://www.yelp.com/biz/socarrat-paella-bar-new-york,650
The Hamilton Inn,the-hamilton-inn-jersey-city,http://www.yelp.com/biz/the-hamilton-inn-jersey-city,234
7 Spices Turkish & Mediterranean Cuisine,7-spices-turkish-and-mediterranean-cuisine-new-york,http://www.yelp.com/biz/7-spices-turkish-and-mediterranean-cuisine-new-york,37
OBAO,obao-new-york-4,http://www.yelp.com/biz/obao-new-york-4,316
Polonica Restaurant,polonica-restaurant-brooklyn,http://www.yelp.com/biz/polonica-restaurant-brooklyn,78
BLT Fish,blt-fish-new-york-2,http://www.yelp.com/biz/blt-fish-new-york-2,224
Bond 45,bond-45-new-york-2,http://www.yelp.com/biz/bond-45-new-york-2,289
L&B Spumoni Gardens,l-and-b-spumoni-gardens-brooklyn,http://www.yelp.com/biz/l-and-b-spumoni-gardens-brooklyn,1482
Piccola Strada,piccola-strada-new-york,http://www.yelp.com/biz/piccola-strada-new-york,45
Carmine's,carmines-new-york-2,http://www.yelp.com/biz/carmines-new-york-2,429
Homemade Taqueria,homemade-taqueria-maspeth,http://www.yelp.com/biz/homemade-taqueria-maspeth,46
Legend Bar & Restaurant,legend-bar-and-restaurant-new-york-2,http://www.yelp.com/biz/legend-bar-and-restaurant-new-york-2,151
Bodhi Tree,bodhi-tree-new-york,http://www.yelp.com/biz/bodhi-tree-new-york,354
Kraverie,kraverie-jersey-city,http://www.yelp.com/biz/kraverie-jersey-city,324
Ceetay,ceetay-bronx,http://www.yelp.com/biz/ceetay-bronx,83
The Thirsty Koala,the-thirsty-koala-astoria,http://www.yelp.com/biz/the-thirsty-koala-astoria,268
Lil' Frankie's,lil-frankies-new-york,http://www.yelp.com/biz/lil-frankies-new-york,475
Prune,prune-new-york,http://www.yelp.com/biz/prune-new-york,705
Ise Japanese Restaurant,ise-japanese-restaurant-new-york-2,http://www.yelp.com/biz/ise-japanese-restaurant-new-york-2,144
Il Fornaio Ristorante,il-fornaio-ristorante-new-york,http://www.yelp.com/biz/il-fornaio-ristorante-new-york,45
Kajitsu,kajitsu-new-york-3,http://www.yelp.com/biz/kajitsu-new-york-3,47
Family Recipe,family-recipe-new-york,http://www.yelp.com/biz/family-recipe-new-york,152
El Mio Cid,el-mio-cid-brooklyn-2,http://www.yelp.com/biz/el-mio-cid-brooklyn-2,196
Pacificana,pacificana-brooklyn,http://www.yelp.com/biz/pacificana-brooklyn,191
Mayfield,mayfield-brooklyn,http://www.yelp.com/biz/mayfield-brooklyn,171
Kraverie,kraverie-jersey-city,http://www.yelp.com/biz/kraverie-jersey-city,324
Barbone,barbone-new-york,http://www.yelp.com/biz/barbone-new-york,181
Brick NYC,brick-nyc-new-york,http://www.yelp.com/biz/brick-nyc-new-york,235
Heidi's House,heidis-house-new-york,http://www.yelp.com/biz/heidis-house-new-york,227
Ed's Chowder House,eds-chowder-house-new-york,http://www.yelp.com/biz/eds-chowder-house-new-york,223
Empanada Mama,empanada-mama-new-york,http://www.yelp.com/biz/empanada-mama-new-york,1150
Udon West,udon-west-new-york-3,http://www.yelp.com/biz/udon-west-new-york-3,253
Cafe Espanol,cafe-espanol-new-york,http://www.yelp.com/biz/cafe-espanol-new-york,315
Uvarara,uvarara-middle-village,http://www.yelp.com/biz/uvarara-middle-village,80
Duck King,duck-king-edgewater,http://www.yelp.com/biz/duck-king-edgewater,75
Phobang Restaurant,phobang-restaurant-flushing,http://www.yelp.com/biz/phobang-restaurant-flushing,243
Nick's Bistro,nicks-bistro-forest-hills,http://www.yelp.com/biz/nicks-bistro-forest-hills,135
Abboccato,abboccato-new-york,http://www.yelp.com/biz/abboccato-new-york,96
Bread & Tulips,bread-and-tulips-new-york,http://www.yelp.com/biz/bread-and-tulips-new-york,107
BXL Zoute,bxl-zoute-new-york,http://www.yelp.com/biz/bxl-zoute-new-york,111
